{"type":"FeatureCollection","generated_at":"2026-09-07","features":[{"type":"Feature","geometry":{"type":"Point","coordinates":[-6.272507,36.510297]},"properties":{"ref":"4441101QA4444A","address":"Barbate, 21","postal_code":"11012","homes":381,"area":26739,"year":1969}},{"type":"Feature","geometry":{"type":"Point","coordinates":[-6.27901,36.506917]},"properties":{"ref":"3838503QA4433H","address":"Maritimo, 2","postal_code":"11010","homes":239,"area":36682,"year":1980}},{"type":"Feature","geometry":{"type":"Point","coordinates":[-6.272166,36.496883]},"properties":{"ref":"4427901QA4442E","address":"Maritimo, 29","postal_code":null,"homes":210,"area":21728,"year":1977}},{"type":"Feature","geometry":{"type":"Point","coordinates":[-6.271521,36.49642]},"properties":{"ref":"4426304QA4442E","address":"Maritimo, 30","postal_code":null,"homes":189,"area":22080,"year":1976}},{"type":"Feature","geometry":{"type":"Point","coordinates":[-6.27821,36.507204]},"properties":{"ref":"3838501QA4433H","address":"General Muñoz Arenillas, 4","postal_code":"11009","homes":182,"area":28900,"year":1985}},{"type":"Feature","geometry":{"type":"Point","coordinates":[-6.272949,36.511709]},"properties":{"ref":"4343201QA4444C","address":"Barbate, 60","postal_code":"11012","homes":167,"area":12484,"year":1991}},{"type":"Feature","geometry":{"type":"Point","coordinates":[-6.269456,36.496458]},"properties":{"ref":"4726201QA4442F","address":"Adelfas, 1","postal_code":"11011","homes":165,"area":11847,"year":1993}},{"type":"Feature","geometry":{"type":"Point","coordinates":[-6.281744,36.52161]},"properties":{"ref":"3456703QA4435E","address":"Tolosa Latour, 19","postal_code":"11007","homes":163,"area":11794,"year":1977}},{"type":"Feature","geometry":{"type":"Point","coordinates":[-6.277306,36.5072]},"properties":{"ref":"3938310QA4433H","address":"Cayetano del Toro, 7","postal_code":"11010","homes":154,"area":18286,"year":1985}},{"type":"Feature","geometry":{"type":"Point","coordinates":[-6.304109,36.533887]},"properties":{"ref":"1467506QA4416G","address":"Benito Perez Galdos, 84","postal_code":"11002","homes":153,"area":16597,"year":1983}},{"type":"Feature","geometry":{"type":"Point","coordinates":[-6.273971,36.500802]},"properties":{"ref":"4231902QA4443A","address":"Periodista Beatriz Cienfu, 2","postal_code":"11011","homes":141,"area":11076,"year":1971}},{"type":"Feature","geometry":{"type":"Point","coordinates":[-6.277527,36.512678]},"properties":{"ref":"3944201QA4434D","address":"Alegria de la, 1","postal_code":"11009","homes":125,"area":7876,"year":1993}},{"type":"Feature","geometry":{"type":"Point","coordinates":[-6.27952,36.515896]},"properties":{"ref":"3748901QA4434H","address":"Colarte, 1","postal_code":"11008","homes":121,"area":9365,"year":1958}},{"type":"Feature","geometry":{"type":"Point","coordinates":[-6.278385,36.521014]},"properties":{"ref":"3754201QA4435D","address":"Pintor Viniegra, 4","postal_code":"11007","homes":113,"area":6082,"year":1948}},{"type":"Feature","geometry":{"type":"Point","coordinates":[-6.272307,36.508913]},"properties":{"ref":"4340401QA4444A","address":"Lacave, 8","postal_code":"11012","homes":112,"area":7494,"year":1957}},{"type":"Feature","geometry":{"type":"Point","coordinates":[-6.285957,36.524272]},"properties":{"ref":"3157110QA4435E","address":"Acacias, 15","postal_code":"11007","homes":105,"area":15030,"year":1973}},{"type":"Feature","geometry":{"type":"Point","coordinates":[-6.277163,36.518922]},"properties":{"ref":"3950202QA4435B","address":"Guadalquivir, 21","postal_code":"11012","homes":102,"area":9137,"year":1971}},{"type":"Feature","geometry":{"type":"Point","coordinates":[-6.284453,36.522153]},"properties":{"ref":"3254203QA4435C","address":"Granja San Ildefonso, 5","postal_code":"11007","homes":98,"area":10171,"year":1975}},{"type":"Feature","geometry":{"type":"Point","coordinates":[-6.278686,36.518701]},"properties":{"ref":"3851704QA4435B","address":"Cooperativa, 9","postal_code":"11007","homes":97,"area":8525,"year":1972}},{"type":"Feature","geometry":{"type":"Point","coordinates":[-6.280573,36.522993]},"properties":{"ref":"3655301QA4435F","address":"De la Guardia Civil, 1","postal_code":"11011","homes":97,"area":14891,"year":2009}},{"type":"Feature","geometry":{"type":"Point","coordinates":[-6.2816,36.515598]},"properties":{"ref":"3548511QA4434H","address":"Parlamento, 3","postal_code":"11008","homes":95,"area":12169,"year":1975}},{"type":"Feature","geometry":{"type":"Point","coordinates":[-6.288193,36.524386]},"properties":{"ref":"2957205QA4425F","address":"Santa Maria del Mar, 3","postal_code":"11006","homes":90,"area":12244,"year":1958}},{"type":"Feature","geometry":{"type":"Point","coordinates":[-6.283849,36.520727]},"properties":{"ref":"3253307QA4435C","address":"Santa Maria de la Cabeza, 11","postal_code":"11007","homes":80,"area":7367,"year":1982}},{"type":"Feature","geometry":{"type":"Point","coordinates":[-6.277269,36.511329]},"properties":{"ref":"3943601QA4434D","address":"Garcia Carrera, 14","postal_code":"11009","homes":78,"area":4914,"year":1939}},{"type":"Feature","geometry":{"type":"Point","coordinates":[-6.303221,36.531885]},"properties":{"ref":"1565915QA4416F","address":"Diego Arias, 11","postal_code":"11002","homes":77,"area":7265,"year":1972}},{"type":"Feature","geometry":{"type":"Point","coordinates":[-6.285055,36.522165]},"properties":{"ref":"3254201QA4435C","address":"Ecuador, 2","postal_code":null,"homes":76,"area":9214,"year":1973}},{"type":"Feature","geometry":{"type":"Point","coordinates":[-6.279259,36.510686]},"properties":{"ref":"3742401QA4434D","address":"Ana de Viya, 13","postal_code":"11008","homes":73,"area":13602,"year":1978}},{"type":"Feature","geometry":{"type":"Point","coordinates":[-6.280018,36.511039]},"properties":{"ref":"3742801QA4434B","address":"Ana de Viya, 30","postal_code":"11009","homes":69,"area":8636,"year":1960}},{"type":"Feature","geometry":{"type":"Point","coordinates":[-6.274483,36.515146]},"properties":{"ref":"4147301QA4444G","address":"Barbate, 66","postal_code":"11012","homes":67,"area":6431,"year":1988}},{"type":"Feature","geometry":{"type":"Point","coordinates":[-6.273975,36.501981]},"properties":{"ref":"4232301QA4443C","address":"Madrid, 3","postal_code":"11010","homes":67,"area":5853,"year":1959}},{"type":"Feature","geometry":{"type":"Point","coordinates":[-6.273595,36.515956]},"properties":{"ref":"4248308QA4444G","address":"Guadalquivir, 20","postal_code":"11012","homes":61,"area":2801,"year":1988}},{"type":"Feature","geometry":{"type":"Point","coordinates":[-6.273838,36.516411]},"properties":{"ref":"4248306QA4444G","address":"Guadalquivir, 22","postal_code":"11012","homes":61,"area":4568,"year":1988}},{"type":"Feature","geometry":{"type":"Point","coordinates":[-6.273995,36.516757]},"properties":{"ref":"4248304QA4444G","address":"Guadalquivir, 24","postal_code":"11012","homes":61,"area":4568,"year":1988}},{"type":"Feature","geometry":{"type":"Point","coordinates":[-6.274152,36.517105]},"properties":{"ref":"4248301QA4444G","address":"Guadalquivir, 26","postal_code":"11012","homes":61,"area":4568,"year":1988}},{"type":"Feature","geometry":{"type":"Point","coordinates":[-6.274309,36.517452]},"properties":{"ref":"4150405QA4445A","address":"Guadalquivir, 28","postal_code":"11012","homes":61,"area":4568,"year":1988}},{"type":"Feature","geometry":{"type":"Point","coordinates":[-6.273432,36.512785]},"properties":{"ref":"4344101QA4444C","address":"Barbate, 62","postal_code":"11012","homes":60,"area":5361,"year":1990}},{"type":"Feature","geometry":{"type":"Point","coordinates":[-6.281354,36.52019]},"properties":{"ref":"3553501QA4435D","address":"Federico Garcia Lorca, 7","postal_code":"11008","homes":56,"area":4232,"year":1962}},{"type":"Feature","geometry":{"type":"Point","coordinates":[-6.283332,36.519733]},"properties":{"ref":"3352503QA4435C","address":"Ciudad de Santander, 6","postal_code":"11007","homes":49,"area":6749,"year":1974}},{"type":"Feature","geometry":{"type":"Point","coordinates":[-6.272015,36.497116]},"properties":{"ref":"4427902QA4442E","address":"Periodista Beatriz Cienfu, 20","postal_code":"11011","homes":48,"area":5457,"year":1977}},{"type":"Feature","geometry":{"type":"Point","coordinates":[-6.284445,36.525377]},"properties":{"ref":"3159509QA4435G","address":"Bahia Blanca, 11","postal_code":"11007","homes":47,"area":8497,"year":1976}},{"type":"Feature","geometry":{"type":"Point","coordinates":[-6.280222,36.516745]},"properties":{"ref":"3550824QA4435B","address":"Huerta del Obispo, 15","postal_code":"11008","homes":45,"area":7297,"year":1981}},{"type":"Feature","geometry":{"type":"Point","coordinates":[-6.27597,36.506339]},"properties":{"ref":"4037203QA4443E","address":"Alonso Cano, 5","postal_code":"11010","homes":43,"area":4423,"year":1982}},{"type":"Feature","geometry":{"type":"Point","coordinates":[-6.273686,36.510173]},"properties":{"ref":"4242602QA4444A","address":"Alcalde Blazquez, 11","postal_code":"11012","homes":41,"area":4223,"year":1993}},{"type":"Feature","geometry":{"type":"Point","coordinates":[-6.28386,36.514807]},"properties":{"ref":"3346401QA4434E","address":"Blanco del, 2","postal_code":"11008","homes":41,"area":4230,"year":1993}},{"type":"Feature","geometry":{"type":"Point","coordinates":[-6.280484,36.515943]},"properties":{"ref":"3647303QA4434H","address":"Parlamento, 14","postal_code":"11008","homes":41,"area":7626,"year":1982}},{"type":"Feature","geometry":{"type":"Point","coordinates":[-6.275494,36.505613]},"properties":{"ref":"4037506QA4443G","address":"Pintor Zuloaga, 22","postal_code":"11010","homes":41,"area":7489,"year":1981}},{"type":"Feature","geometry":{"type":"Point","coordinates":[-6.304934,36.533548]},"properties":{"ref":"1467503QA4416G","address":"Jose Paredes Monge, 2","postal_code":"11002","homes":40,"area":3387,"year":1980}},{"type":"Feature","geometry":{"type":"Point","coordinates":[-6.284928,36.524763]},"properties":{"ref":"3257202QA4435E","address":"Hibiscos, 6","postal_code":"11007","homes":37,"area":5471,"year":1967}},{"type":"Feature","geometry":{"type":"Point","coordinates":[-6.287555,36.523084]},"properties":{"ref":"3055903QA4435E","address":"Alcalde Manuel D la Pinta, 3","postal_code":"11006","homes":36,"area":5793,"year":1958}},{"type":"Feature","geometry":{"type":"Point","coordinates":[-6.272118,36.508507]},"properties":{"ref":"4440601QA4444A","address":"Sor Cristina Lopez Garcia, 7","postal_code":"11011","homes":36,"area":2176,"year":1957}},{"type":"Feature","geometry":{"type":"Point","coordinates":[-6.273071,36.509862]},"properties":{"ref":"4341301QA4444A","address":"Olvera, 7","postal_code":null,"homes":35,"area":2482,"year":1993}},{"type":"Feature","geometry":{"type":"Point","coordinates":[-6.272629,36.509396]},"properties":{"ref":"4341201QA4444A","address":"Olvera, 8","postal_code":null,"homes":35,"area":2366,"year":1993}},{"type":"Feature","geometry":{"type":"Point","coordinates":[-6.292442,36.52816]},"properties":{"ref":"2561903QA4426B","address":"Santa Maria, 11","postal_code":"11005","homes":35,"area":2721,"year":2012}},{"type":"Feature","geometry":{"type":"Point","coordinates":[-6.277085,36.518726]},"properties":{"ref":"3950203QA4435B","address":"Peru del, 6","postal_code":"11007","homes":31,"area":2839,"year":1971}},{"type":"Feature","geometry":{"type":"Point","coordinates":[-6.275714,36.506024]},"properties":{"ref":"4037504QA4443G","address":"Pintor Zuloaga, 18","postal_code":"11010","homes":31,"area":1786,"year":1983}},{"type":"Feature","geometry":{"type":"Point","coordinates":[-6.278807,36.514451]},"properties":{"ref":"3747508QA4434H","address":"Portugal, 43","postal_code":"11008","homes":31,"area":4299,"year":1982}},{"type":"Feature","geometry":{"type":"Point","coordinates":[-6.3022,36.530618]},"properties":{"ref":"1664607QA4416D","address":"Pastora, 13","postal_code":"11002","homes":30,"area":1931,"year":2005}},{"type":"Feature","geometry":{"type":"Point","coordinates":[-6.2788,36.518403]},"properties":{"ref":"3851710QA4435B","address":"Sanidad Publica, 13","postal_code":null,"homes":29,"area":2785,"year":1988}},{"type":"Feature","geometry":{"type":"Point","coordinates":[-6.289155,36.527626]},"properties":{"ref":"2861708QA4426B","address":"Servanda, 1","postal_code":"11006","homes":28,"area":1375,"year":2003}},{"type":"Feature","geometry":{"type":"Point","coordinates":[-6.283182,36.516868]},"properties":{"ref":"3349503QA4434G","address":"Andalucia de, 66","postal_code":"11007","homes":27,"area":5061,"year":1979}},{"type":"Feature","geometry":{"type":"Point","coordinates":[-6.273666,36.511384]},"properties":{"ref":"4243502QA4444C","address":"Barbate, 19","postal_code":"11012","homes":27,"area":2250,"year":1977}},{"type":"Feature","geometry":{"type":"Point","coordinates":[-6.279447,36.514967]},"properties":{"ref":"3747603QA4434F","address":"Campos Eliseos, 3","postal_code":"11008","homes":25,"area":1459,"year":1994}},{"type":"Feature","geometry":{"type":"Point","coordinates":[-6.299357,36.531851]},"properties":{"ref":"1865408QA4416F","address":"Rosario Cepeda, 17","postal_code":"11001","homes":25,"area":3216,"year":1963}},{"type":"Feature","geometry":{"type":"Point","coordinates":[-6.29745,36.529783]},"properties":{"ref":"2063331QA4426C","address":"Arboli, 21","postal_code":"11005","homes":24,"area":1198,"year":2005}},{"type":"Feature","geometry":{"type":"Point","coordinates":[-6.27345,36.516918]},"properties":{"ref":"4248305QA4444G","address":"Bahia de la, 23","postal_code":"11012","homes":24,"area":1899,"year":1988}},{"type":"Feature","geometry":{"type":"Point","coordinates":[-6.273292,36.516571]},"properties":{"ref":"4248307QA4444G","address":"Bahia de la, 23","postal_code":"11012","homes":24,"area":1899,"year":1988}},{"type":"Feature","geometry":{"type":"Point","coordinates":[-6.273763,36.517612]},"properties":{"ref":"4150406QA4445A","address":"Bahia de la, 25","postal_code":"11012","homes":24,"area":1899,"year":1988}},{"type":"Feature","geometry":{"type":"Point","coordinates":[-6.273661,36.517264]},"properties":{"ref":"4248303QA4444G","address":"Bahia de la, 25","postal_code":"11012","homes":24,"area":1899,"year":1988}},{"type":"Feature","geometry":{"type":"Point","coordinates":[-6.279388,36.509584]},"properties":{"ref":"3740301QA4434B","address":"Ernestina Muñoz de Miguel, 4","postal_code":null,"homes":24,"area":3326,"year":1994}},{"type":"Feature","geometry":{"type":"Point","coordinates":[-6.276115,36.506781]},"properties":{"ref":"4037202QA4443E","address":"Pintor Zuloaga, 12","postal_code":"11010","homes":24,"area":1879,"year":1987}},{"type":"Feature","geometry":{"type":"Point","coordinates":[-6.294828,36.53591]},"properties":{"ref":"2369808QA4426G","address":"Isabel la Catolica, 19","postal_code":"11004","homes":23,"area":1639,"year":2011}},{"type":"Feature","geometry":{"type":"Point","coordinates":[-6.279723,36.521523]},"properties":{"ref":"3754807QA4435D","address":"San Severiano, 3","postal_code":"11007","homes":23,"area":1684,"year":1948}},{"type":"Feature","geometry":{"type":"Point","coordinates":[-6.276707,36.507891]},"properties":{"ref":"3939405QA4433H","address":"Pintor Zuloaga, 4","postal_code":"11010","homes":21,"area":2300,"year":1985}},{"type":"Feature","geometry":{"type":"Point","coordinates":[-6.284585,36.524073]},"properties":{"ref":"3257702QA4435E","address":"Santa Cruz de Tenerife, 10","postal_code":"11007","homes":21,"area":2797,"year":1969}},{"type":"Feature","geometry":{"type":"Point","coordinates":[-6.280537,36.515545]},"properties":{"ref":"3647319QA4434H","address":"Dama de Cadiz, 2","postal_code":null,"homes":20,"area":1594,"year":1994}},{"type":"Feature","geometry":{"type":"Point","coordinates":[-6.284845,36.521817]},"properties":{"ref":"3254204QA4435C","address":"Granja San Ildefonso, 3","postal_code":"11007","homes":20,"area":2921,"year":1950}},{"type":"Feature","geometry":{"type":"Point","coordinates":[-6.295101,36.532555]},"properties":{"ref":"2266513QA4426E","address":"San Andres, 3","postal_code":"11004","homes":20,"area":1126,"year":2005}},{"type":"Feature","geometry":{"type":"Point","coordinates":[-6.281452,36.516256]},"properties":{"ref":"3550831QA4435B","address":"Huerta del Obispo, 3","postal_code":"11008","homes":19,"area":1665,"year":1989}},{"type":"Feature","geometry":{"type":"Point","coordinates":[-6.289996,36.527055]},"properties":{"ref":"2760415QA4426B","address":"Mirador, 20","postal_code":"11006","homes":19,"area":1116,"year":1977}},{"type":"Feature","geometry":{"type":"Point","coordinates":[-6.277917,36.518568]},"properties":{"ref":"3950218QA4435B","address":"San Severiano, 19","postal_code":"11007","homes":19,"area":1678,"year":1961}},{"type":"Feature","geometry":{"type":"Point","coordinates":[-6.279959,36.509032]},"properties":{"ref":"3740802QA4434B","address":"Amilcar Barca, 43","postal_code":null,"homes":18,"area":2804,"year":1989}},{"type":"Feature","geometry":{"type":"Point","coordinates":[-6.276907,36.508065]},"properties":{"ref":"3939404QA4433H","address":"Pintor Zuloaga, 2","postal_code":"11010","homes":18,"area":2118,"year":1978}},{"type":"Feature","geometry":{"type":"Point","coordinates":[-6.297479,36.529472]},"properties":{"ref":"2163901QA4426C","address":"San Juan, 2","postal_code":"11005","homes":18,"area":588,"year":2021}},{"type":"Feature","geometry":{"type":"Point","coordinates":[-6.280262,36.518615]},"properties":{"ref":"3651902QA4435B","address":"Antonio Machado, 19","postal_code":"11008","homes":17,"area":1180,"year":1955}},{"type":"Feature","geometry":{"type":"Point","coordinates":[-6.297855,36.535495]},"properties":{"ref":"2069903QA4426G","address":"Buenos Aires, 11","postal_code":"11003","homes":17,"area":1868,"year":1986}},{"type":"Feature","geometry":{"type":"Point","coordinates":[-6.275627,36.505865]},"properties":{"ref":"4037505QA4443G","address":"Pintor Zuloaga, 20","postal_code":"11010","homes":17,"area":2254,"year":1971}},{"type":"Feature","geometry":{"type":"Point","coordinates":[-6.280519,36.514943]},"properties":{"ref":"3647316QA4434H","address":"Recreo, 1","postal_code":"11008","homes":17,"area":1032,"year":1995}},{"type":"Feature","geometry":{"type":"Point","coordinates":[-6.297329,36.532542]},"properties":{"ref":"2166706QA4426E","address":"San Miguel, 6","postal_code":"11001","homes":17,"area":1586,"year":1995}},{"type":"Feature","geometry":{"type":"Point","coordinates":[-6.297595,36.529563]},"properties":{"ref":"2063335QA4426C","address":"Arboli, 29","postal_code":"11005","homes":16,"area":677,"year":2003}},{"type":"Feature","geometry":{"type":"Point","coordinates":[-6.301958,36.529344]},"properties":{"ref":"1662209QA4416B","address":"Art. Petroleo y Salvaora, 9","postal_code":"11002","homes":16,"area":658,"year":2016}},{"type":"Feature","geometry":{"type":"Point","coordinates":[-6.275494,36.517108]},"properties":{"ref":"4149101QA4444G","address":"Barbate, 0","postal_code":"11012","homes":16,"area":1696,"year":1988}},{"type":"Feature","geometry":{"type":"Point","coordinates":[-6.305105,36.533074]},"properties":{"ref":"1366903QA4416E","address":"Doctor Marañon, 22","postal_code":"11002","homes":16,"area":1346,"year":1988}},{"type":"Feature","geometry":{"type":"Point","coordinates":[-6.289646,36.528069]},"properties":{"ref":"2659900QA4425H","address":"Enrique el Mellizo, 2","postal_code":null,"homes":16,"area":1595,"year":2008}},{"type":"Feature","geometry":{"type":"Point","coordinates":[-6.300886,36.529253]},"properties":{"ref":"1862102QA4416B","address":"Sagasta, 104","postal_code":null,"homes":16,"area":1595,"year":1968}},{"type":"Feature","geometry":{"type":"Point","coordinates":[-6.300754,36.530646]},"properties":{"ref":"1864901QA4416D","address":"Sagasta, 74","postal_code":null,"homes":16,"area":564,"year":1995}},{"type":"Feature","geometry":{"type":"Point","coordinates":[-6.303504,36.532209]},"properties":{"ref":"1565907QA4416F","address":"San Rafael, 14","postal_code":"11002","homes":16,"area":1115,"year":2005}},{"type":"Feature","geometry":{"type":"Point","coordinates":[-6.28652,36.521752]},"properties":{"ref":"3154809QA4435C","address":"Santa Maria Soledad, 9","postal_code":"11006","homes":16,"area":1965,"year":1967}},{"type":"Feature","geometry":{"type":"Point","coordinates":[-6.295721,36.536154]},"properties":{"ref":"2269106QA4426G","address":"Santiago Terry, 11","postal_code":"11004","homes":16,"area":1006,"year":1991}},{"type":"Feature","geometry":{"type":"Point","coordinates":[-6.281943,36.521947]},"properties":{"ref":"3456705QA4435E","address":"24 de Julio, 2","postal_code":"11007","homes":15,"area":1544,"year":1960}},{"type":"Feature","geometry":{"type":"Point","coordinates":[-6.294258,36.535769]},"properties":{"ref":"2369406QA4426G","address":"Manuel Rances, 25","postal_code":"11004","homes":15,"area":1576,"year":1888}},{"type":"Feature","geometry":{"type":"Point","coordinates":[-6.276327,36.507888]},"properties":{"ref":"4039902QA4443G","address":"Murillo, 6","postal_code":"11010","homes":15,"area":1341,"year":1991}},{"type":"Feature","geometry":{"type":"Point","coordinates":[-6.30037,36.52973]},"properties":{"ref":"1862115QA4416B","address":"Pasquin, 5","postal_code":"11002","homes":15,"area":764,"year":1888}},{"type":"Feature","geometry":{"type":"Point","coordinates":[-6.289551,36.527335]},"properties":{"ref":"2760406QA4426B","address":"Teniente Andujar, 25","postal_code":"11006","homes":15,"area":1202,"year":2005}},{"type":"Feature","geometry":{"type":"Point","coordinates":[-6.297317,36.529815]},"properties":{"ref":"2163905QA4426C","address":"Arboli, 22","postal_code":"11005","homes":14,"area":637,"year":2005}},{"type":"Feature","geometry":{"type":"Point","coordinates":[-6.284492,36.521656]},"properties":{"ref":"3253316QA4435C","address":"Granja San Ildefonso, 8","postal_code":"11007","homes":14,"area":3313,"year":1983}},{"type":"Feature","geometry":{"type":"Point","coordinates":[-6.295482,36.532428]},"properties":{"ref":"2266524QA4426E","address":"Jose del Toro, 20","postal_code":null,"homes":14,"area":1528,"year":1888}},{"type":"Feature","geometry":{"type":"Point","coordinates":[-6.298302,36.529742]},"properties":{"ref":"1962312QA4416D","address":"Libertad de la, 9","postal_code":"11005","homes":14,"area":1814,"year":1995}},{"type":"Feature","geometry":{"type":"Point","coordinates":[-6.290939,36.52721]},"properties":{"ref":"2660402QA4426B","address":"Mirador, 9","postal_code":"11006","homes":14,"area":705,"year":2005}},{"type":"Feature","geometry":{"type":"Point","coordinates":[-6.296663,36.529626]},"properties":{"ref":"2163923QA4426C","address":"Obispo Urquinaona, 29","postal_code":"11005","homes":14,"area":602,"year":1888}},{"type":"Feature","geometry":{"type":"Point","coordinates":[-6.289163,36.52698]},"properties":{"ref":"2860902QA4426B","address":"Santa Elena, 3","postal_code":"11006","homes":14,"area":2004,"year":1977}},{"type":"Feature","geometry":{"type":"Point","coordinates":[-6.273427,36.508577]},"properties":{"ref":"4340602QA4444A","address":"Setenil de las Bodegas, 1","postal_code":"11012","homes":14,"area":5161,"year":2001}},{"type":"Feature","geometry":{"type":"Point","coordinates":[-6.300342,36.533342]},"properties":{"ref":"1767510QA4416H","address":"Torre, 25","postal_code":null,"homes":14,"area":1088,"year":2014}},{"type":"Feature","geometry":{"type":"Point","coordinates":[-6.304756,36.529378]},"properties":{"ref":"1462914QA4416A","address":"Angel, 6","postal_code":"11002","homes":13,"area":742,"year":1888}},{"type":"Feature","geometry":{"type":"Point","coordinates":[-6.301955,36.529496]},"properties":{"ref":"1662208QA4416B","address":"Art. Petroleo y Salvaora, 3","postal_code":"11002","homes":13,"area":942,"year":1996}},{"type":"Feature","geometry":{"type":"Point","coordinates":[-6.295678,36.530501]},"properties":{"ref":"2263204QA4426C","address":"Barrocal, 3","postal_code":"11005","homes":13,"area":1094,"year":2013}},{"type":"Feature","geometry":{"type":"Point","coordinates":[-6.296038,36.536161]},"properties":{"ref":"2169306QA4426G","address":"General Menacho, 13","postal_code":"11004","homes":13,"area":1250,"year":1983}},{"type":"Feature","geometry":{"type":"Point","coordinates":[-6.277176,36.516589]},"properties":{"ref":"3948104QA4434H","address":"Marinero En Tierra, 10","postal_code":null,"homes":13,"area":4053,"year":1970}},{"type":"Feature","geometry":{"type":"Point","coordinates":[-6.277463,36.517041]},"properties":{"ref":"3849401QA4434H","address":"Marinero En Tierra, 11","postal_code":null,"homes":13,"area":4105,"year":1970}},{"type":"Feature","geometry":{"type":"Point","coordinates":[-6.277556,36.516438]},"properties":{"ref":"3948102QA4434H","address":"Marinero En Tierra, 8","postal_code":null,"homes":13,"area":4053,"year":1970}},{"type":"Feature","geometry":{"type":"Point","coordinates":[-6.277839,36.516892]},"properties":{"ref":"3849403QA4434H","address":"Marinero En Tierra, 9","postal_code":null,"homes":13,"area":4105,"year":1970}},{"type":"Feature","geometry":{"type":"Point","coordinates":[-6.300234,36.529138]},"properties":{"ref":"1862327QA4416D","address":"Pasquin, 20","postal_code":"11002","homes":13,"area":1107,"year":1987}},{"type":"Feature","geometry":{"type":"Point","coordinates":[-6.30369,36.530454]},"properties":{"ref":"1563102QA4416D","address":"Patrocinio, 11","postal_code":"11002","homes":13,"area":723,"year":2001}},{"type":"Feature","geometry":{"type":"Point","coordinates":[-6.303706,36.530232]},"properties":{"ref":"1563103QA4416D","address":"Patrocinio, 13","postal_code":"11002","homes":13,"area":603,"year":1941}},{"type":"Feature","geometry":{"type":"Point","coordinates":[-6.276308,36.507678]},"properties":{"ref":"4039914QA4443G","address":"Pintor Zuloaga, 5","postal_code":"11010","homes":13,"area":1382,"year":1987}},{"type":"Feature","geometry":{"type":"Point","coordinates":[-6.276642,36.50776]},"properties":{"ref":"3939406QA4433H","address":"Pintor Zuloaga, 6","postal_code":"11010","homes":13,"area":1458,"year":1981}},{"type":"Feature","geometry":{"type":"Point","coordinates":[-6.300466,36.53661]},"properties":{"ref":"1870804QA4417B","address":"San Isidro, 7","postal_code":"11003","homes":13,"area":727,"year":2001}},{"type":"Feature","geometry":{"type":"Point","coordinates":[-6.299668,36.529882]},"properties":{"ref":"1862311QA4416D","address":"San Vicente, 3","postal_code":"11002","homes":13,"area":572,"year":1888}},{"type":"Feature","geometry":{"type":"Point","coordinates":[-6.299094,36.536224]},"properties":{"ref":"1970814QA4417B","address":"Adolfo de Castro, 17","postal_code":"11003","homes":12,"area":941,"year":1888}},{"type":"Feature","geometry":{"type":"Point","coordinates":[-6.294051,36.534144]},"properties":{"ref":"2367301QA4426G","address":"Beato Diego de Cadiz, 13","postal_code":"11004","homes":12,"area":1213,"year":1994}},{"type":"Feature","geometry":{"type":"Point","coordinates":[-6.296867,36.536387]},"properties":{"ref":"2170705QA4427A","address":"Clara Campoamor, 20","postal_code":"11003","homes":12,"area":1427,"year":1986}},{"type":"Feature","geometry":{"type":"Point","coordinates":[-6.305322,36.533038]},"properties":{"ref":"1366902QA4416E","address":"Doctor Marañon, 20","postal_code":"11002","homes":12,"area":804,"year":1988}},{"type":"Feature","geometry":{"type":"Point","coordinates":[-6.290317,36.526621]},"properties":{"ref":"2760710QA4426B","address":"Santo Domingo, 43","postal_code":"11006","homes":12,"area":652,"year":1993}},{"type":"Feature","geometry":{"type":"Point","coordinates":[-6.297214,36.533985]},"properties":{"ref":"2068507QA4426G","address":"Canovas del Castillo, 22","postal_code":"11001","homes":11,"area":1381,"year":1888}},{"type":"Feature","geometry":{"type":"Point","coordinates":[-6.293799,36.530603]},"properties":{"ref":"2363306QA4426C","address":"Cristobal Colon, 16","postal_code":"11005","homes":11,"area":972,"year":1984}},{"type":"Feature","geometry":{"type":"Point","coordinates":[-6.300561,36.535952]},"properties":{"ref":"1770608QA4417B","address":"Enrique de las Marinas, 26","postal_code":"11007","homes":11,"area":760,"year":1888}},{"type":"Feature","geometry":{"type":"Point","coordinates":[-6.293722,36.529399]},"properties":{"ref":"2462101QA4426A","address":"Fabio Rufino, 8","postal_code":"11005","homes":11,"area":785,"year":1888}},{"type":"Feature","geometry":{"type":"Point","coordinates":[-6.28021,36.517631]},"properties":{"ref":"3550818QA4435B","address":"Francisco Garcia de Sola, 30","postal_code":"11008","homes":11,"area":669,"year":1957}},{"type":"Feature","geometry":{"type":"Point","coordinates":[-6.280091,36.517486]},"properties":{"ref":"3550819QA4435B","address":"Francisco Garcia de Sola, 32","postal_code":"11008","homes":11,"area":815,"year":1957}},{"type":"Feature","geometry":{"type":"Point","coordinates":[-6.279927,36.517294]},"properties":{"ref":"3550820QA4435B","address":"Francisco Garcia de Sola, 34","postal_code":"11008","homes":11,"area":687,"year":1957}},{"type":"Feature","geometry":{"type":"Point","coordinates":[-6.275671,36.508253]},"properties":{"ref":"4039308QA4443G","address":"Marconi, 26","postal_code":"11009","homes":11,"area":1168,"year":1968}},{"type":"Feature","geometry":{"type":"Point","coordinates":[-6.277703,36.516458]},"properties":{"ref":"3948101QA4434H","address":"Marinero En Tierra, 1","postal_code":null,"homes":11,"area":2914,"year":1970}},{"type":"Feature","geometry":{"type":"Point","coordinates":[-6.277333,36.516602]},"properties":{"ref":"3948103QA4434H","address":"Marinero En Tierra, 2","postal_code":null,"homes":11,"area":2914,"year":1970}},{"type":"Feature","geometry":{"type":"Point","coordinates":[-6.277914,36.516784]},"properties":{"ref":"3849404QA4434H","address":"Marinero En Tierra, 3","postal_code":null,"homes":11,"area":3442,"year":1970}},{"type":"Feature","geometry":{"type":"Point","coordinates":[-6.277541,36.516935]},"properties":{"ref":"3849402QA4434H","address":"Marinero En Tierra, 4","postal_code":null,"homes":11,"area":3431,"year":1970}},{"type":"Feature","geometry":{"type":"Point","coordinates":[-6.296786,36.529284]},"properties":{"ref":"2162405QA4426C","address":"San Juan, 25","postal_code":"11005","homes":11,"area":579,"year":2002}},{"type":"Feature","geometry":{"type":"Point","coordinates":[-6.288177,36.524036]},"properties":{"ref":"2857403QA4425H","address":"Santa Maria del Mar, 6","postal_code":"11006","homes":11,"area":1659,"year":1961}},{"type":"Feature","geometry":{"type":"Point","coordinates":[-6.292489,36.528326]},"properties":{"ref":"2561904QA4426B","address":"Santa Maria, 7","postal_code":"11005","homes":11,"area":888,"year":2012}},{"type":"Feature","geometry":{"type":"Point","coordinates":[-6.300301,36.532293]},"properties":{"ref":"1866610QA4416F","address":"Solano, 5","postal_code":"11001","homes":11,"area":733,"year":1888}},{"type":"Feature","geometry":{"type":"Point","coordinates":[-6.303191,36.531227]},"properties":{"ref":"1564414QA4416D","address":"Trinidad, 6","postal_code":"11002","homes":11,"area":703,"year":1995}},{"type":"Feature","geometry":{"type":"Point","coordinates":[-6.301101,36.533476]},"properties":{"ref":"1766206QA4416F","address":"Viudas, 30","postal_code":"11003","homes":11,"area":1127,"year":1961}},{"type":"Feature","geometry":{"type":"Point","coordinates":[-6.301081,36.534028]},"properties":{"ref":"1768619QA4416H","address":"Benjumeda, 35","postal_code":null,"homes":10,"area":663,"year":2003}},{"type":"Feature","geometry":{"type":"Point","coordinates":[-6.277596,36.51735]},"properties":{"ref":"3849301QA4434H","address":"Cal y Canto, 5","postal_code":null,"homes":10,"area":3120,"year":1970}},{"type":"Feature","geometry":{"type":"Point","coordinates":[-6.277889,36.517457]},"properties":{"ref":"3849302QA4434H","address":"Cal y Canto, 6","postal_code":null,"homes":10,"area":3120,"year":1970}},{"type":"Feature","geometry":{"type":"Point","coordinates":[-6.27809,36.517149]},"properties":{"ref":"3849303QA4434H","address":"Cal y Canto, 7","postal_code":null,"homes":10,"area":3120,"year":1970}},{"type":"Feature","geometry":{"type":"Point","coordinates":[-6.303047,36.53006]},"properties":{"ref":"1563506QA4416D","address":"Corralon de los Carros, 56","postal_code":"11002","homes":10,"area":465,"year":2015}},{"type":"Feature","geometry":{"type":"Point","coordinates":[-6.275147,36.519989]},"properties":{"ref":"4153704QA4445C","address":"Eduardo Benot, 8","postal_code":"11012","homes":10,"area":808,"year":1974}},{"type":"Feature","geometry":{"type":"Point","coordinates":[-6.275947,36.517727]},"properties":{"ref":"4050901QA4445A","address":"Fray Pablo de Cadiz, 8","postal_code":null,"homes":10,"area":834,"year":1974}},{"type":"Feature","geometry":{"type":"Point","coordinates":[-6.273696,36.515368]},"properties":{"ref":"4247403QA4444G","address":"Guadalquivir, 18","postal_code":"11012","homes":10,"area":808,"year":1974}},{"type":"Feature","geometry":{"type":"Point","coordinates":[-6.301332,36.535699]},"properties":{"ref":"1769805QA4416H","address":"Mentidero de, 16","postal_code":"11003","homes":10,"area":769,"year":1888}},{"type":"Feature","geometry":{"type":"Point","coordinates":[-6.276481,36.507965]},"properties":{"ref":"4039915QA4443G","address":"Pintor Zuloaga, 1","postal_code":"11010","homes":10,"area":1276,"year":1980}},{"type":"Feature","geometry":{"type":"Point","coordinates":[-6.275954,36.519253]},"properties":{"ref":"4052501QA4445C","address":"Rafael Picardo Oleary, 4","postal_code":"11012","homes":10,"area":804,"year":1974}},{"type":"Feature","geometry":{"type":"Point","coordinates":[-6.296237,36.534107]},"properties":{"ref":"2168504QA4426G","address":"Rosario, 1","postal_code":"11004","homes":10,"area":486,"year":2017}},{"type":"Feature","geometry":{"type":"Point","coordinates":[-6.299989,36.532445]},"properties":{"ref":"1866604QA4416F","address":"Sacramento, 40","postal_code":null,"homes":10,"area":836,"year":1888}},{"type":"Feature","geometry":{"type":"Point","coordinates":[-6.302643,36.535068]},"properties":{"ref":"1669601QA4416H","address":"San Dimas, 6","postal_code":"11003","homes":10,"area":601,"year":2008}},{"type":"Feature","geometry":{"type":"Point","coordinates":[-6.289912,36.527247]},"properties":{"ref":"2760401QA4426B","address":"Santo Domingo, 22","postal_code":"11006","homes":10,"area":1044,"year":1979}},{"type":"Feature","geometry":{"type":"Point","coordinates":[-6.302903,36.532986]},"properties":{"ref":"1566403QA4416F","address":"Solano, 36","postal_code":null,"homes":10,"area":562,"year":2020}},{"type":"Feature","geometry":{"type":"Point","coordinates":[-6.291728,36.52861]},"properties":{"ref":"2661104QA4426B","address":"Suarez de Salazar, 12","postal_code":"11006","homes":10,"area":475,"year":2003}},{"type":"Feature","geometry":{"type":"Point","coordinates":[-6.296296,36.53314]},"properties":{"ref":"2266803QA4426E","address":"Valverde, 14","postal_code":"11004","homes":10,"area":1102,"year":1888}},{"type":"Feature","geometry":{"type":"Point","coordinates":[-6.279401,36.521524]},"properties":{"ref":"3754805QA4435D","address":"Victor Gonzalez, 3","postal_code":null,"homes":10,"area":705,"year":1948}},{"type":"Feature","geometry":{"type":"Point","coordinates":[-6.29662,36.53614]},"properties":{"ref":"2170708QA4427A","address":"Zorrilla, 10","postal_code":"11004","homes":10,"area":1844,"year":1979}},{"type":"Feature","geometry":{"type":"Point","coordinates":[-6.281972,36.520205]},"properties":{"ref":"3552113QA4435B","address":"Antonio Machado, 1","postal_code":"11008","homes":9,"area":656,"year":1954}},{"type":"Feature","geometry":{"type":"Point","coordinates":[-6.294411,36.533698]},"properties":{"ref":"2367912QA4426E","address":"Argantonio, 3","postal_code":"11004","homes":9,"area":904,"year":1888}},{"type":"Feature","geometry":{"type":"Point","coordinates":[-6.302972,36.530815]},"properties":{"ref":"1564407QA4416D","address":"Belen, 5","postal_code":"11002","homes":9,"area":636,"year":1979}},{"type":"Feature","geometry":{"type":"Point","coordinates":[-6.294792,36.532229]},"properties":{"ref":"2266526QA4426E","address":"Cardenal Zapata, 6","postal_code":null,"homes":9,"area":783,"year":1988}},{"type":"Feature","geometry":{"type":"Point","coordinates":[-6.300197,36.530074]},"properties":{"ref":"1862301QA4416D","address":"Cardoso, 28","postal_code":"11002","homes":9,"area":961,"year":1888}},{"type":"Feature","geometry":{"type":"Point","coordinates":[-6.279531,36.508587]},"properties":{"ref":"3740807QA4434B","address":"Doctor Fleming, 6","postal_code":"11009","homes":9,"area":974,"year":2003}},{"type":"Feature","geometry":{"type":"Point","coordinates":[-6.294346,36.531841]},"properties":{"ref":"2365208QA4426E","address":"Feduchy, 20","postal_code":null,"homes":9,"area":1316,"year":1888}},{"type":"Feature","geometry":{"type":"Point","coordinates":[-6.293184,36.530257]},"properties":{"ref":"2463902QA4426C","address":"Flamenco, 3","postal_code":"11005","homes":9,"area":604,"year":2012}},{"type":"Feature","geometry":{"type":"Point","coordinates":[-6.296332,36.535615]},"properties":{"ref":"2169301QA4426G","address":"General Menacho, 3","postal_code":"11004","homes":9,"area":720,"year":2007}},{"type":"Feature","geometry":{"type":"Point","coordinates":[-6.298451,36.531522]},"properties":{"ref":"1965510QA4416F","address":"Jose de Dios, 5","postal_code":"11001","homes":9,"area":633,"year":1888}},{"type":"Feature","geometry":{"type":"Point","coordinates":[-6.297701,36.530602]},"properties":{"ref":"2063310QA4426C","address":"Libertad de la, 20","postal_code":"11005","homes":9,"area":1010,"year":1888}},{"type":"Feature","geometry":{"type":"Point","coordinates":[-6.293841,36.531014]},"properties":{"ref":"2464804QA4426C","address":"Manzanares, 2","postal_code":null,"homes":9,"area":1060,"year":1888}},{"type":"Feature","geometry":{"type":"Point","coordinates":[-6.294171,36.530931]},"properties":{"ref":"2464801QA4426C","address":"Manzanares, 8","postal_code":null,"homes":9,"area":634,"year":1991}},{"type":"Feature","geometry":{"type":"Point","coordinates":[-6.297035,36.534745]},"properties":{"ref":"2068408QA4426G","address":"Mina de, 5","postal_code":"11004","homes":9,"area":1459,"year":1990}},{"type":"Feature","geometry":{"type":"Point","coordinates":[-6.300208,36.528854]},"properties":{"ref":"1862325QA4416D","address":"Pasquin, 28","postal_code":"11002","homes":9,"area":630,"year":2004}},{"type":"Feature","geometry":{"type":"Point","coordinates":[-6.302181,36.530913]},"properties":{"ref":"1664605QA4416D","address":"Pastora, 5","postal_code":"11002","homes":9,"area":492,"year":1888}},{"type":"Feature","geometry":{"type":"Point","coordinates":[-6.302409,36.529289]},"properties":{"ref":"1662213QA4416B","address":"Pericon Cadiz, 7","postal_code":"11002","homes":9,"area":508,"year":2006}},{"type":"Feature","geometry":{"type":"Point","coordinates":[-6.301333,36.529091]},"properties":{"ref":"1762202QA4416B","address":"Porteria de Capuchinos, 26","postal_code":"11002","homes":9,"area":488,"year":2002}},{"type":"Feature","geometry":{"type":"Point","coordinates":[-6.279635,36.514797]},"properties":{"ref":"3746203QA4434F","address":"Recreo, 22","postal_code":"11008","homes":9,"area":822,"year":1980}},{"type":"Feature","geometry":{"type":"Point","coordinates":[-6.299987,36.528845]},"properties":{"ref":"1862324QA4416D","address":"Regimiento de Infanteria, 32","postal_code":"11002","homes":9,"area":597,"year":1888}},{"type":"Feature","geometry":{"type":"Point","coordinates":[-6.302992,36.531408]},"properties":{"ref":"1564401QA4416D","address":"Rosa, 40","postal_code":"11002","homes":9,"area":557,"year":1970}},{"type":"Feature","geometry":{"type":"Point","coordinates":[-6.300994,36.529291]},"properties":{"ref":"1762220QA4416B","address":"Sagasta, 97","postal_code":null,"homes":9,"area":685,"year":1987}},{"type":"Feature","geometry":{"type":"Point","coordinates":[-6.293116,36.528925]},"properties":{"ref":"2462402QA4426C","address":"San Antonio Abad, 12","postal_code":"11005","homes":9,"area":553,"year":2003}},{"type":"Feature","geometry":{"type":"Point","coordinates":[-6.292224,36.527631]},"properties":{"ref":"2561706QA4426B","address":"San Juan Bautista Lasalle, 15","postal_code":null,"homes":9,"area":438,"year":1888}},{"type":"Feature","geometry":{"type":"Point","coordinates":[-6.299652,36.529247]},"properties":{"ref":"1862317QA4416D","address":"San Vicente, 15","postal_code":"11002","homes":9,"area":913,"year":1975}},{"type":"Feature","geometry":{"type":"Point","coordinates":[-6.29604,36.53557]},"properties":{"ref":"2269101QA4426G","address":"Santiago Terry, 1","postal_code":"11004","homes":9,"area":866,"year":1995}},{"type":"Feature","geometry":{"type":"Point","coordinates":[-6.294634,36.531371]},"properties":{"ref":"2364201QA4426C","address":"Santo Cristo, 1","postal_code":"11005","homes":9,"area":900,"year":1888}},{"type":"Feature","geometry":{"type":"Point","coordinates":[-6.300644,36.529027]},"properties":{"ref":"1862127QA4416B","address":"Sargento Daponte, 7","postal_code":"11002","homes":9,"area":561,"year":2006}},{"type":"Feature","geometry":{"type":"Point","coordinates":[-6.30337,36.533199]},"properties":{"ref":"1567508QA4416H","address":"Solano, 29","postal_code":null,"homes":9,"area":426,"year":2002}},{"type":"Feature","geometry":{"type":"Point","coordinates":[-6.291788,36.528714]},"properties":{"ref":"2661105QA4426B","address":"Suarez de Salazar, 10","postal_code":"11006","homes":9,"area":509,"year":2003}},{"type":"Feature","geometry":{"type":"Point","coordinates":[-6.301863,36.531751]},"properties":{"ref":"1665609QA4416F","address":"Torre, 55","postal_code":null,"homes":9,"area":522,"year":1888}},{"type":"Feature","geometry":{"type":"Point","coordinates":[-6.289288,36.526993]},"properties":{"ref":"2760410QA4426B","address":"Troilo, 5","postal_code":"11006","homes":9,"area":322,"year":2000}},{"type":"Feature","geometry":{"type":"Point","coordinates":[-6.3034,36.52968]},"properties":{"ref":"1562903QA4416B","address":"Virgen de la Palma, 22","postal_code":"11002","homes":9,"area":421,"year":1888}},{"type":"Feature","geometry":{"type":"Point","coordinates":[-6.296684,36.535868]},"properties":{"ref":"2170602QA4427A","address":"Zorrilla, 3","postal_code":"11004","homes":9,"area":965,"year":1888}},{"type":"Feature","geometry":{"type":"Point","coordinates":[-6.295359,36.535988]},"properties":{"ref":"2269110QA4426G","address":"Ahumada, 14","postal_code":"11004","homes":8,"area":686,"year":1995}},{"type":"Feature","geometry":{"type":"Point","coordinates":[-6.298274,36.533888]},"properties":{"ref":"1967407QA4416H","address":"Ancha, 11","postal_code":"11001","homes":8,"area":1256,"year":1941}},{"type":"Feature","geometry":{"type":"Point","coordinates":[-6.297362,36.531815]},"properties":{"ref":"2065404QA4426E","address":"Barrie, 31","postal_code":"11001","homes":8,"area":1126,"year":1888}},{"type":"Feature","geometry":{"type":"Point","coordinates":[-6.299218,36.533293]},"properties":{"ref":"1967622QA4416F","address":"Benjumeda, 17","postal_code":null,"homes":8,"area":531,"year":2018}},{"type":"Feature","geometry":{"type":"Point","coordinates":[-6.290358,36.528213]},"properties":{"ref":"2761702QA4426B","address":"Botica, 5","postal_code":"11002","homes":8,"area":900,"year":1888}},{"type":"Feature","geometry":{"type":"Point","coordinates":[-6.294511,36.529822]},"properties":{"ref":"2363401QA4426C","address":"Cobos, 12","postal_code":"11005","homes":8,"area":882,"year":1992}},{"type":"Feature","geometry":{"type":"Point","coordinates":[-6.295873,36.532333]},"properties":{"ref":"2265202QA4426E","address":"Columela, 23","postal_code":"11004","homes":8,"area":1371,"year":1995}},{"type":"Feature","geometry":{"type":"Point","coordinates":[-6.293023,36.536387]},"properties":{"ref":"2470204QA4427A","address":"Conde O'Reilly, 12","postal_code":"11004","homes":8,"area":831,"year":1888}},{"type":"Feature","geometry":{"type":"Point","coordinates":[-6.297911,36.53017]},"properties":{"ref":"2063304QA4426C","address":"Libertad de la, 14","postal_code":"11005","homes":8,"area":913,"year":1995}},{"type":"Feature","geometry":{"type":"Point","coordinates":[-6.303208,36.52957]},"properties":{"ref":"1562905QA4416B","address":"Lubet, 1","postal_code":"11002","homes":8,"area":407,"year":1888}},{"type":"Feature","geometry":{"type":"Point","coordinates":[-6.280762,36.514049]},"properties":{"ref":"3646813QA4434F","address":"Poeta Nieto, 3","postal_code":"11009","homes":8,"area":1218,"year":1992}},{"type":"Feature","geometry":{"type":"Point","coordinates":[-6.295087,36.532759]},"properties":{"ref":"2266508QA4426E","address":"Rosario, 31","postal_code":"11004","homes":8,"area":581,"year":1888}},{"type":"Feature","geometry":{"type":"Point","coordinates":[-6.300719,36.530732]},"properties":{"ref":"1864902QA4416D","address":"Sagasta, 72","postal_code":null,"homes":8,"area":430,"year":1995}},{"type":"Feature","geometry":{"type":"Point","coordinates":[-6.295431,36.534237]},"properties":{"ref":"2268510QA4426G","address":"San Francisco, 4","postal_code":"11004","homes":8,"area":1007,"year":2020}},{"type":"Feature","geometry":{"type":"Point","coordinates":[-6.300686,36.536337]},"properties":{"ref":"1870801QA4417B","address":"San Isidro, 1","postal_code":"11003","homes":8,"area":512,"year":2000}},{"type":"Feature","geometry":{"type":"Point","coordinates":[-6.278734,36.518255]},"properties":{"ref":"3851709QA4435B","address":"Sanidad Publica, 15","postal_code":null,"homes":8,"area":2677,"year":1978}},{"type":"Feature","geometry":{"type":"Point","coordinates":[-6.300989,36.534849]},"properties":{"ref":"1768809QA4416H","address":"Soledad, 1","postal_code":null,"homes":8,"area":438,"year":2008}},{"type":"Feature","geometry":{"type":"Point","coordinates":[-6.291145,36.529013]},"properties":{"ref":"2662316QA4426D","address":"Sopranis, 18","postal_code":null,"homes":8,"area":395,"year":2018}},{"type":"Feature","geometry":{"type":"Point","coordinates":[-6.292118,36.5282]},"properties":{"ref":"2561202QA4426B","address":"Suarez de Salazar, 13","postal_code":"11006","homes":8,"area":448,"year":1888}},{"type":"Feature","geometry":{"type":"Point","coordinates":[-6.303752,36.530686]},"properties":{"ref":"1563101QA4416D","address":"Vidal, 10","postal_code":"11002","homes":8,"area":525,"year":1888}},{"type":"Feature","geometry":{"type":"Point","coordinates":[-6.299224,36.536217]},"properties":{"ref":"1970707QA4417B","address":"Adolfo de Castro, 14","postal_code":"11003","homes":7,"area":351,"year":1995}},{"type":"Feature","geometry":{"type":"Point","coordinates":[-6.300279,36.536852]},"properties":{"ref":"1871711QA4417B","address":"Adolfo de Castro, 37","postal_code":"11003","homes":7,"area":297,"year":2008}},{"type":"Feature","geometry":{"type":"Point","coordinates":[-6.295613,36.535717]},"properties":{"ref":"2269113QA4426G","address":"Ahumada, 8","postal_code":"11004","homes":7,"area":659,"year":1888}},{"type":"Feature","geometry":{"type":"Point","coordinates":[-6.295394,36.535134]},"properties":{"ref":"2269318QA4426G","address":"Antonio Lopez, 10","postal_code":"11004","homes":7,"area":742,"year":1888}},{"type":"Feature","geometry":{"type":"Point","coordinates":[-6.294141,36.53483]},"properties":{"ref":"2369417QA4426G","address":"Antonio Lopez, 24","postal_code":"11004","homes":7,"area":1346,"year":1995}},{"type":"Feature","geometry":{"type":"Point","coordinates":[-6.294018,36.535767]},"properties":{"ref":"2370504QA4427A","address":"Arguelles de, 4","postal_code":"11004","homes":7,"area":1149,"year":1995}},{"type":"Feature","geometry":{"type":"Point","coordinates":[-6.296889,36.53249]},"properties":{"ref":"2166709QA4426E","address":"Barrie, 17","postal_code":"11001","homes":7,"area":1312,"year":1995}},{"type":"Feature","geometry":{"type":"Point","coordinates":[-6.296979,36.532365]},"properties":{"ref":"2166710QA4426E","address":"Barrie, 19","postal_code":"11001","homes":7,"area":642,"year":1888}},{"type":"Feature","geometry":{"type":"Point","coordinates":[-6.297396,36.5317]},"properties":{"ref":"2065405QA4426E","address":"Barrie, 33","postal_code":"11001","homes":7,"area":1185,"year":1995}},{"type":"Feature","geometry":{"type":"Point","coordinates":[-6.297244,36.531551]},"properties":{"ref":"2165701QA4426E","address":"Barrie, 36","postal_code":"11001","homes":7,"area":453,"year":2010}},{"type":"Feature","geometry":{"type":"Point","coordinates":[-6.29671,36.5335]},"properties":{"ref":"2167708QA4426E","address":"Canovas del Castillo, 33","postal_code":"11001","homes":7,"area":1017,"year":2003}},{"type":"Feature","geometry":{"type":"Point","coordinates":[-6.299826,36.530098]},"properties":{"ref":"1862305QA4416D","address":"Cardoso, 20","postal_code":"11002","homes":7,"area":510,"year":1970}},{"type":"Feature","geometry":{"type":"Point","coordinates":[-6.300674,36.530035]},"properties":{"ref":"1862111QA4416B","address":"Cardoso, 32","postal_code":"11002","homes":7,"area":441,"year":1963}},{"type":"Feature","geometry":{"type":"Point","coordinates":[-6.30038,36.537177]},"properties":{"ref":"1871702QA4417B","address":"Carmen Coronada, 18","postal_code":"11003","homes":7,"area":425,"year":2003}},{"type":"Feature","geometry":{"type":"Point","coordinates":[-6.295009,36.529676]},"properties":{"ref":"2363818QA4426C","address":"Catedral de la, 8","postal_code":"11005","homes":7,"area":783,"year":1888}},{"type":"Feature","geometry":{"type":"Point","coordinates":[-6.298039,36.532975]},"properties":{"ref":"2066104QA4426E","address":"Cervantes, 4","postal_code":"11001","homes":7,"area":408,"year":1888}},{"type":"Feature","geometry":{"type":"Point","coordinates":[-6.303281,36.533419]},"properties":{"ref":"1567502QA4416H","address":"Chile, 2","postal_code":"11002","homes":7,"area":432,"year":2002}},{"type":"Feature","geometry":{"type":"Point","coordinates":[-6.297782,36.536462]},"properties":{"ref":"2070903QA4427A","address":"Clara Campoamor, 14","postal_code":"11003","homes":7,"area":794,"year":2019}},{"type":"Feature","geometry":{"type":"Point","coordinates":[-6.296201,36.530405]},"properties":{"ref":"2163915QA4426C","address":"Compañia, 11","postal_code":"11005","homes":7,"area":620,"year":1995}},{"type":"Feature","geometry":{"type":"Point","coordinates":[-6.299375,36.529356]},"properties":{"ref":"1962344QA4416D","address":"Cruz, 20","postal_code":"11002","homes":7,"area":491,"year":2006}},{"type":"Feature","geometry":{"type":"Point","coordinates":[-6.297968,36.53234]},"properties":{"ref":"2066707QA4426E","address":"Cuna Vieja, 3","postal_code":"11001","homes":7,"area":233,"year":2011}},{"type":"Feature","geometry":{"type":"Point","coordinates":[-6.299371,36.535709]},"properties":{"ref":"1970714QA4417B","address":"Enrique de las Marinas, 19","postal_code":"11007","homes":7,"area":568,"year":2015}},{"type":"Feature","geometry":{"type":"Point","coordinates":[-6.293896,36.535339]},"properties":{"ref":"2369411QA4426G","address":"España de, 7","postal_code":"11006","homes":7,"area":838,"year":1995}},{"type":"Feature","geometry":{"type":"Point","coordinates":[-6.293569,36.529457]},"properties":{"ref":"2362312QA4426C","address":"Fabio Rufino, 1","postal_code":"11005","homes":7,"area":93,"year":2018}},{"type":"Feature","geometry":{"type":"Point","coordinates":[-6.296103,36.532015]},"properties":{"ref":"2265902QA4426E","address":"Feduchy, 1","postal_code":"11001","homes":7,"area":1739,"year":1939}},{"type":"Feature","geometry":{"type":"Point","coordinates":[-6.298687,36.536565]},"properties":{"ref":"1970809QA4417B","address":"Fernan Caballero, 16","postal_code":"11003","homes":7,"area":374,"year":1888}},{"type":"Feature","geometry":{"type":"Point","coordinates":[-6.302319,36.534651]},"properties":{"ref":"1668805QA4416H","address":"Hercules, 33","postal_code":"11003","homes":7,"area":478,"year":1991}},{"type":"Feature","geometry":{"type":"Point","coordinates":[-6.302882,36.532706]},"properties":{"ref":"1566407QA4416F","address":"Hospital de Mujeres, 67","postal_code":null,"homes":7,"area":517,"year":2004}},{"type":"Feature","geometry":{"type":"Point","coordinates":[-6.294657,36.536229]},"properties":{"ref":"2370901QA4427A","address":"Isabel la Catolica, 21","postal_code":"11004","homes":7,"area":374,"year":1888}},{"type":"Feature","geometry":{"type":"Point","coordinates":[-6.297658,36.530675]},"properties":{"ref":"2063311QA4426C","address":"Libertad de la, 21","postal_code":"11005","homes":7,"area":822,"year":1988}},{"type":"Feature","geometry":{"type":"Point","coordinates":[-6.296359,36.529689]},"properties":{"ref":"2262103QA4426A","address":"Magistral Cabrera, 1","postal_code":"11005","homes":7,"area":432,"year":1888}},{"type":"Feature","geometry":{"type":"Point","coordinates":[-6.294542,36.535444]},"properties":{"ref":"2369811QA4426G","address":"Manuel Rances, 18","postal_code":"11004","homes":7,"area":1916,"year":2020}},{"type":"Feature","geometry":{"type":"Point","coordinates":[-6.294024,36.531011]},"properties":{"ref":"2464803QA4426C","address":"Manzanares, 4","postal_code":null,"homes":7,"area":671,"year":1888}},{"type":"Feature","geometry":{"type":"Point","coordinates":[-6.27582,36.508315]},"properties":{"ref":"4039306QA4443G","address":"Marconi, 22","postal_code":"11009","homes":7,"area":837,"year":1990}},{"type":"Feature","geometry":{"type":"Point","coordinates":[-6.274927,36.501275]},"properties":{"ref":"4232807QA4443A","address":"Maritimo, 16","postal_code":null,"homes":7,"area":1405,"year":1989}},{"type":"Feature","geometry":{"type":"Point","coordinates":[-6.297376,36.535441]},"properties":{"ref":"2069913QA4426G","address":"Mina de, 14","postal_code":"11004","homes":7,"area":1487,"year":1942}},{"type":"Feature","geometry":{"type":"Point","coordinates":[-6.292851,36.530735]},"properties":{"ref":"2464509QA4426C","address":"Nueva, 3","postal_code":"11005","homes":7,"area":1402,"year":1941}},{"type":"Feature","geometry":{"type":"Point","coordinates":[-6.294028,36.533417]},"properties":{"ref":"2367502QA4426G","address":"Periodista Emilio Lopez, 7","postal_code":null,"homes":7,"area":1201,"year":1960}},{"type":"Feature","geometry":{"type":"Point","coordinates":[-6.276553,36.508032]},"properties":{"ref":"4039901QA4443G","address":"Pintor Zuloaga, 1","postal_code":"11010","homes":7,"area":560,"year":1987}},{"type":"Feature","geometry":{"type":"Point","coordinates":[-6.295978,36.533597]},"properties":{"ref":"2267704QA4426E","address":"Rosario, 9","postal_code":"11004","homes":7,"area":1121,"year":1995}},{"type":"Feature","geometry":{"type":"Point","coordinates":[-6.289444,36.527143]},"properties":{"ref":"2760408QA4426B","address":"Rutilio, 5","postal_code":"11006","homes":7,"area":539,"year":1979}},{"type":"Feature","geometry":{"type":"Point","coordinates":[-6.301388,36.532948]},"properties":{"ref":"1766806QA4416F","address":"Sacramento, 58","postal_code":null,"homes":7,"area":481,"year":1995}},{"type":"Feature","geometry":{"type":"Point","coordinates":[-6.300183,36.531748]},"properties":{"ref":"1864915QA4416D","address":"Sagasta, 44","postal_code":null,"homes":7,"area":622,"year":1995}},{"type":"Feature","geometry":{"type":"Point","coordinates":[-6.298505,36.534971]},"properties":{"ref":"2068110QA4426G","address":"San Antonio, 5","postal_code":"11001","homes":7,"area":1011,"year":1888}},{"type":"Feature","geometry":{"type":"Point","coordinates":[-6.300704,36.536415]},"properties":{"ref":"1770314QA4417B","address":"San Isidro, 2","postal_code":"11003","homes":7,"area":396,"year":2002}},{"type":"Feature","geometry":{"type":"Point","coordinates":[-6.293257,36.529674]},"properties":{"ref":"2463501QA4426C","address":"San Juan de Dios, 12","postal_code":null,"homes":7,"area":742,"year":1995}},{"type":"Feature","geometry":{"type":"Point","coordinates":[-6.291787,36.530268]},"properties":{"ref":"2663102QA4426D","address":"San Juan de Dios, 17","postal_code":null,"homes":7,"area":1238,"year":1995}},{"type":"Feature","geometry":{"type":"Point","coordinates":[-6.297763,36.531911]},"properties":{"ref":"2065403QA4426E","address":"San Miguel, 18","postal_code":"11001","homes":7,"area":817,"year":1888}},{"type":"Feature","geometry":{"type":"Point","coordinates":[-6.303098,36.533239]},"properties":{"ref":"1567506QA4416H","address":"San Rafael, 5","postal_code":"11002","homes":7,"area":447,"year":2002}},{"type":"Feature","geometry":{"type":"Point","coordinates":[-6.299102,36.530788]},"properties":{"ref":"1964912QA4416D","address":"Santa Lucia, 4","postal_code":"11002","homes":7,"area":612,"year":1985}},{"type":"Feature","geometry":{"type":"Point","coordinates":[-6.296679,36.530832]},"properties":{"ref":"2164417QA4426C","address":"Topete, 7","postal_code":"11001","homes":7,"area":574,"year":1995}},{"type":"Feature","geometry":{"type":"Point","coordinates":[-6.301927,36.531581]},"properties":{"ref":"1764105QA4416D","address":"Torre, 48","postal_code":null,"homes":7,"area":877,"year":2002}},{"type":"Feature","geometry":{"type":"Point","coordinates":[-6.296271,36.533492]},"properties":{"ref":"2267723QA4426E","address":"Valverde, 8","postal_code":"11004","homes":7,"area":804,"year":1995}},{"type":"Feature","geometry":{"type":"Point","coordinates":[-6.300313,36.534832]},"properties":{"ref":"1768310QA4416H","address":"Vea Murguia, 2","postal_code":"11003","homes":7,"area":884,"year":1888}},{"type":"Feature","geometry":{"type":"Point","coordinates":[-6.291539,36.528201]},"properties":{"ref":"2661901QA4426B","address":"Yedra, 4","postal_code":"11006","homes":7,"area":463,"year":2007}},{"type":"Feature","geometry":{"type":"Point","coordinates":[-6.299751,36.534606]},"properties":{"ref":"1868309QA4416H","address":"Zaragoza, 3","postal_code":"11003","homes":7,"area":785,"year":1993}},{"type":"Feature","geometry":{"type":"Point","coordinates":[-6.299703,36.536546]},"properties":{"ref":"1870308QA4417B","address":"Adolfo de Castro, 27","postal_code":"11003","homes":6,"area":669,"year":1995}},{"type":"Feature","geometry":{"type":"Point","coordinates":[-6.295195,36.536105]},"properties":{"ref":"2269308QA4426G","address":"Ahumada, 15","postal_code":"11004","homes":6,"area":693,"year":1888}},{"type":"Feature","geometry":{"type":"Point","coordinates":[-6.294156,36.53476]},"properties":{"ref":"2368209QA4426G","address":"Antonio Lopez, 15","postal_code":"11004","homes":6,"area":945,"year":1995}},{"type":"Feature","geometry":{"type":"Point","coordinates":[-6.297113,36.529975]},"properties":{"ref":"2163908QA4426C","address":"Arboli, 16","postal_code":"11005","homes":6,"area":625,"year":1995}},{"type":"Feature","geometry":{"type":"Point","coordinates":[-6.301845,36.529454]},"properties":{"ref":"1762115QA4416B","address":"Art. Petroleo y Salvaora, 4","postal_code":"11002","homes":6,"area":538,"year":2017}},{"type":"Feature","geometry":{"type":"Point","coordinates":[-6.293535,36.528668]},"properties":{"ref":"2461116QA4426A","address":"Bajada de Escribanos, 1","postal_code":"11005","homes":6,"area":462,"year":1995}},{"type":"Feature","geometry":{"type":"Point","coordinates":[-6.294931,36.530239]},"properties":{"ref":"2363807QA4426C","address":"Barrocal, 13","postal_code":"11005","homes":6,"area":1232,"year":1995}},{"type":"Feature","geometry":{"type":"Point","coordinates":[-6.29727,36.535842]},"properties":{"ref":"2069909QA4426G","address":"Calderon de la Barca, 2","postal_code":"11003","homes":6,"area":450,"year":1888}},{"type":"Feature","geometry":{"type":"Point","coordinates":[-6.297382,36.535915]},"properties":{"ref":"2069908QA4426G","address":"Calderon de la Barca, 4","postal_code":"11003","homes":6,"area":1291,"year":1995}},{"type":"Feature","geometry":{"type":"Point","coordinates":[-6.289383,36.528289]},"properties":{"ref":"2761306QA4426B","address":"Calesas de las, 41","postal_code":"11006","homes":6,"area":1067,"year":1995}},{"type":"Feature","geometry":{"type":"Point","coordinates":[-6.297754,36.534398]},"properties":{"ref":"2068513QA4426G","address":"Canovas del Castillo, 10","postal_code":"11001","homes":6,"area":675,"year":1888}},{"type":"Feature","geometry":{"type":"Point","coordinates":[-6.297065,36.533874]},"properties":{"ref":"2167216QA4426E","address":"Canovas del Castillo, 24","postal_code":"11001","homes":6,"area":1050,"year":1995}},{"type":"Feature","geometry":{"type":"Point","coordinates":[-6.296092,36.53305]},"properties":{"ref":"2266804QA4426E","address":"Canovas del Castillo, 39","postal_code":null,"homes":6,"area":488,"year":1995}},{"type":"Feature","geometry":{"type":"Point","coordinates":[-6.299736,36.530106]},"properties":{"ref":"1862306QA4416D","address":"Cardoso, 18","postal_code":"11002","homes":6,"area":299,"year":2003}},{"type":"Feature","geometry":{"type":"Point","coordinates":[-6.299118,36.534024]},"properties":{"ref":"1968708QA4416H","address":"Cervantes, 27","postal_code":null,"homes":6,"area":687,"year":1995}},{"type":"Feature","geometry":{"type":"Point","coordinates":[-6.303326,36.533342]},"properties":{"ref":"1567501QA4416H","address":"Chile, 4","postal_code":"11002","homes":6,"area":299,"year":2002}},{"type":"Feature","geometry":{"type":"Point","coordinates":[-6.2962,36.536163]},"properties":{"ref":"2170607QA4427A","address":"Clara Campoamor, 21","postal_code":null,"homes":6,"area":1616,"year":1995}},{"type":"Feature","geometry":{"type":"Point","coordinates":[-6.294348,36.530652]},"properties":{"ref":"2364607QA4426C","address":"Cobos, 3","postal_code":"11005","homes":6,"area":228,"year":2012}},{"type":"Feature","geometry":{"type":"Point","coordinates":[-6.295719,36.532656]},"properties":{"ref":"2266807QA4426E","address":"Columela, 22","postal_code":"11004","homes":6,"area":1029,"year":1888}},{"type":"Feature","geometry":{"type":"Point","coordinates":[-6.302647,36.529191]},"properties":{"ref":"1662812QA4416B","address":"Cristo de la Misericordia, 13","postal_code":"11002","homes":6,"area":453,"year":2004}},{"type":"Feature","geometry":{"type":"Point","coordinates":[-6.294168,36.530512]},"properties":{"ref":"2363302QA4426C","address":"Cristobal Colon, 24","postal_code":"11005","homes":6,"area":473,"year":1888}},{"type":"Feature","geometry":{"type":"Point","coordinates":[-6.297796,36.52939]},"properties":{"ref":"1962317QA4416D","address":"Desamparados, 9","postal_code":"11005","homes":6,"area":717,"year":1995}},{"type":"Feature","geometry":{"type":"Point","coordinates":[-6.305323,36.533282]},"properties":{"ref":"1467514QA4416G","address":"Doctor Marañon, 12","postal_code":"11002","homes":6,"area":544,"year":1960}},{"type":"Feature","geometry":{"type":"Point","coordinates":[-6.294221,36.53435]},"properties":{"ref":"2368705QA4426G","address":"Doctor Zurita, 4","postal_code":"11004","homes":6,"area":1339,"year":1995}},{"type":"Feature","geometry":{"type":"Point","coordinates":[-6.298024,36.535193]},"properties":{"ref":"2069918QA4426G","address":"Enrique de las Marinas, 1","postal_code":"11007","homes":6,"area":1406,"year":1995}},{"type":"Feature","geometry":{"type":"Point","coordinates":[-6.299235,36.535658]},"properties":{"ref":"1970713QA4417B","address":"Enrique de las Marinas, 17","postal_code":"11007","homes":6,"area":614,"year":1888}},{"type":"Feature","geometry":{"type":"Point","coordinates":[-6.298041,36.535113]},"properties":{"ref":"2068103QA4426G","address":"Enrique de las Marinas, 2","postal_code":"11007","homes":6,"area":907,"year":1995}},{"type":"Feature","geometry":{"type":"Point","coordinates":[-6.297896,36.535055]},"properties":{"ref":"2068104QA4426G","address":"Enrique de las Marinas, 2","postal_code":"11007","homes":6,"area":758,"year":1995}},{"type":"Feature","geometry":{"type":"Point","coordinates":[-6.300684,36.536114]},"properties":{"ref":"1770607QA4417B","address":"Enrique de las Marinas, 28","postal_code":"11007","homes":6,"area":828,"year":1888}},{"type":"Feature","geometry":{"type":"Point","coordinates":[-6.293883,36.535459]},"properties":{"ref":"2369410QA4426G","address":"España de, 6","postal_code":"11006","homes":6,"area":856,"year":1941}},{"type":"Feature","geometry":{"type":"Point","coordinates":[-6.293928,36.535098]},"properties":{"ref":"2369413QA4426G","address":"España de, 9","postal_code":"11006","homes":6,"area":1006,"year":1995}},{"type":"Feature","geometry":{"type":"Point","coordinates":[-6.293525,36.529375]},"properties":{"ref":"2462201QA4426A","address":"Fabio Rufino, 6","postal_code":"11005","homes":6,"area":1253,"year":1995}},{"type":"Feature","geometry":{"type":"Point","coordinates":[-6.294774,36.53192]},"properties":{"ref":"2365211QA4426E","address":"Feduchy, 16","postal_code":null,"homes":6,"area":1209,"year":1995}},{"type":"Feature","geometry":{"type":"Point","coordinates":[-6.278404,36.510131]},"properties":{"ref":"3842609QA4434B","address":"Fernandez Ballesteros, 13","postal_code":"11009","homes":6,"area":984,"year":1969}},{"type":"Feature","geometry":{"type":"Point","coordinates":[-6.294197,36.528769]},"properties":{"ref":"2461103QA4426A","address":"Fray Felix, 1","postal_code":null,"homes":6,"area":1373,"year":1995}},{"type":"Feature","geometry":{"type":"Point","coordinates":[-6.301313,36.536104]},"properties":{"ref":"1770707QA4417B","address":"General Morla, 2","postal_code":"11003","homes":6,"area":384,"year":2010}},{"type":"Feature","geometry":{"type":"Point","coordinates":[-6.278283,36.507633]},"properties":{"ref":"3938815QA4433H","address":"General Muñoz Arenillas, 1","postal_code":"11009","homes":6,"area":1091,"year":1966}},{"type":"Feature","geometry":{"type":"Point","coordinates":[-6.289281,36.527795]},"properties":{"ref":"2861803QA4426B","address":"Goleta, 10","postal_code":"11006","homes":6,"area":571,"year":1995}},{"type":"Feature","geometry":{"type":"Point","coordinates":[-6.294921,36.53572]},"properties":{"ref":"2369806QA4426G","address":"Isabel la Catolica, 15","postal_code":"11004","homes":6,"area":715,"year":1888}},{"type":"Feature","geometry":{"type":"Point","coordinates":[-6.294632,36.53628]},"properties":{"ref":"2370902QA4427A","address":"Isabel la Catolica, 23","postal_code":"11004","homes":6,"area":739,"year":1995}},{"type":"Feature","geometry":{"type":"Point","coordinates":[-6.292556,36.529]},"properties":{"ref":"2562602QA4426B","address":"Jaboneria, 2","postal_code":"11005","homes":6,"area":1203,"year":1995}},{"type":"Feature","geometry":{"type":"Point","coordinates":[-6.292563,36.528905]},"properties":{"ref":"2562601QA4426B","address":"Jaboneria, 4","postal_code":"11005","homes":6,"area":952,"year":1995}},{"type":"Feature","geometry":{"type":"Point","coordinates":[-6.296767,36.531771]},"properties":{"ref":"2165706QA4426E","address":"Javier de Burgos, 22","postal_code":"11001","homes":6,"area":1356,"year":1888}},{"type":"Feature","geometry":{"type":"Point","coordinates":[-6.302457,36.530046]},"properties":{"ref":"1663605QA4416D","address":"Jose Cubiles, 46","postal_code":null,"homes":6,"area":444,"year":1974}},{"type":"Feature","geometry":{"type":"Point","coordinates":[-6.29608,36.53265]},"properties":{"ref":"2266810QA4426E","address":"Jose del Toro, 14","postal_code":null,"homes":6,"area":949,"year":1995}},{"type":"Feature","geometry":{"type":"Point","coordinates":[-6.294478,36.535618]},"properties":{"ref":"2369810QA4426G","address":"Manuel Rances, 20","postal_code":"11004","homes":6,"area":1292,"year":1995}},{"type":"Feature","geometry":{"type":"Point","coordinates":[-6.29338,36.530944]},"properties":{"ref":"2464806QA4426C","address":"Matrona Teresa Rodriguez, 3","postal_code":"11005","homes":6,"area":677,"year":1995}},{"type":"Feature","geometry":{"type":"Point","coordinates":[-6.293797,36.528721]},"properties":{"ref":"2461113QA4426A","address":"Meson Nuevo del, 11","postal_code":"11005","homes":6,"area":937,"year":1995}},{"type":"Feature","geometry":{"type":"Point","coordinates":[-6.293799,36.529074]},"properties":{"ref":"2462902QA4426A","address":"Meson Nuevo del, 2","postal_code":"11005","homes":6,"area":564,"year":1995}},{"type":"Feature","geometry":{"type":"Point","coordinates":[-6.29688,36.535698]},"properties":{"ref":"2170614QA4427A","address":"Mina de, 10","postal_code":"11004","homes":6,"area":575,"year":2009}},{"type":"Feature","geometry":{"type":"Point","coordinates":[-6.297155,36.535779]},"properties":{"ref":"2069910QA4426G","address":"Mina de, 11","postal_code":"11004","homes":6,"area":803,"year":1995}},{"type":"Feature","geometry":{"type":"Point","coordinates":[-6.294527,36.530866]},"properties":{"ref":"2364212QA4426C","address":"Nicaragua, 8","postal_code":"11005","homes":6,"area":946,"year":1888}},{"type":"Feature","geometry":{"type":"Point","coordinates":[-6.296394,36.530035]},"properties":{"ref":"2163919QA4426C","address":"Obispo Urquinaona, 13","postal_code":"11005","homes":6,"area":1099,"year":1995}},{"type":"Feature","geometry":{"type":"Point","coordinates":[-6.295959,36.530569]},"properties":{"ref":"2164410QA4426C","address":"Obispo Urquinaona, 5","postal_code":"11005","homes":6,"area":504,"year":1995}},{"type":"Feature","geometry":{"type":"Point","coordinates":[-6.29652,36.532149]},"properties":{"ref":"2166508QA4426E","address":"Palillero del, 2","postal_code":"11001","homes":6,"area":2240,"year":1888}},{"type":"Feature","geometry":{"type":"Point","coordinates":[-6.300566,36.529604]},"properties":{"ref":"1862118QA4416B","address":"Pasquin, 9","postal_code":"11002","homes":6,"area":328,"year":2004}},{"type":"Feature","geometry":{"type":"Point","coordinates":[-6.294317,36.529604]},"properties":{"ref":"2362302QA4426C","address":"Pelota, 1","postal_code":"11005","homes":6,"area":319,"year":1888}},{"type":"Feature","geometry":{"type":"Point","coordinates":[-6.293483,36.529642]},"properties":{"ref":"2362310QA4426C","address":"Pelota, 15","postal_code":"11005","homes":6,"area":574,"year":1995}},{"type":"Feature","geometry":{"type":"Point","coordinates":[-6.294327,36.529679]},"properties":{"ref":"2363416QA4426C","address":"Pelota, 4","postal_code":"11005","homes":6,"area":430,"year":1995}},{"type":"Feature","geometry":{"type":"Point","coordinates":[-6.290593,36.529165]},"properties":{"ref":"2662308QA4426D","address":"Plocia, 25","postal_code":null,"homes":6,"area":589,"year":1888}},{"type":"Feature","geometry":{"type":"Point","coordinates":[-6.291453,36.529793]},"properties":{"ref":"2663804QA4426D","address":"Plocia, 6","postal_code":"11005","homes":6,"area":1175,"year":1888}},{"type":"Feature","geometry":{"type":"Point","coordinates":[-6.301325,36.529597]},"properties":{"ref":"1762208QA4416B","address":"Porteria de Capuchinos, 10","postal_code":"11002","homes":6,"area":303,"year":1995}},{"type":"Feature","geometry":{"type":"Point","coordinates":[-6.301675,36.531025]},"properties":{"ref":"1764117QA4416D","address":"Rosa, 17","postal_code":"11002","homes":6,"area":488,"year":1995}},{"type":"Feature","geometry":{"type":"Point","coordinates":[-6.296024,36.534007]},"properties":{"ref":"2268709QA4426G","address":"Rosario, 4","postal_code":"11004","homes":6,"area":195,"year":1888}},{"type":"Feature","geometry":{"type":"Point","coordinates":[-6.2944,36.532018]},"properties":{"ref":"2365205QA4426E","address":"Rosario, 45","postal_code":null,"homes":6,"area":481,"year":1995}},{"type":"Feature","geometry":{"type":"Point","coordinates":[-6.289597,36.52723]},"properties":{"ref":"2760407QA4426B","address":"Rutilio, 2","postal_code":"11006","homes":6,"area":619,"year":2001}},{"type":"Feature","geometry":{"type":"Point","coordinates":[-6.298928,36.532126]},"properties":{"ref":"1966523QA4416F","address":"Sacramento, 39","postal_code":"11001","homes":6,"area":461,"year":2014}},{"type":"Feature","geometry":{"type":"Point","coordinates":[-6.298034,36.533374]},"properties":{"ref":"1967415QA4416H","address":"Sagasta, 15","postal_code":"11001","homes":6,"area":824,"year":1888}},{"type":"Feature","geometry":{"type":"Point","coordinates":[-6.2988,36.532848]},"properties":{"ref":"1966109QA4416F","address":"Sagasta, 29","postal_code":"11001","homes":6,"area":1213,"year":1995}},{"type":"Feature","geometry":{"type":"Point","coordinates":[-6.298969,36.532734]},"properties":{"ref":"1966110QA4416F","address":"Sagasta, 31","postal_code":"11001","homes":6,"area":639,"year":1888}},{"type":"Feature","geometry":{"type":"Point","coordinates":[-6.299022,36.532687]},"properties":{"ref":"1966111QA4416F","address":"Sagasta, 33","postal_code":"11001","homes":6,"area":660,"year":1995}},{"type":"Feature","geometry":{"type":"Point","coordinates":[-6.299938,36.532072]},"properties":{"ref":"1865106QA4416F","address":"Sagasta, 45","postal_code":"11001","homes":6,"area":951,"year":1995}},{"type":"Feature","geometry":{"type":"Point","coordinates":[-6.301012,36.529552]},"properties":{"ref":"1762218QA4416B","address":"Sagasta, 93","postal_code":null,"homes":6,"area":876,"year":1995}},{"type":"Feature","geometry":{"type":"Point","coordinates":[-6.296159,36.534234]},"properties":{"ref":"2268701QA4426G","address":"San Francisco, 1","postal_code":"11004","homes":6,"area":814,"year":1995}},{"type":"Feature","geometry":{"type":"Point","coordinates":[-6.295903,36.534334]},"properties":{"ref":"2268702QA4426G","address":"San Francisco, 1","postal_code":"11004","homes":6,"area":708,"year":1995}},{"type":"Feature","geometry":{"type":"Point","coordinates":[-6.29505,36.53345]},"properties":{"ref":"2267906QA4426E","address":"San Francisco, 13","postal_code":"11004","homes":6,"area":1182,"year":1995}},{"type":"Feature","geometry":{"type":"Point","coordinates":[-6.298904,36.534016]},"properties":{"ref":"1968706QA4416H","address":"San Jose, 19","postal_code":"11001","homes":6,"area":327,"year":1995}},{"type":"Feature","geometry":{"type":"Point","coordinates":[-6.299178,36.533651]},"properties":{"ref":"1967605QA4416F","address":"San Jose, 22","postal_code":"11003","homes":6,"area":1062,"year":1995}},{"type":"Feature","geometry":{"type":"Point","coordinates":[-6.301035,36.531859]},"properties":{"ref":"1765402QA4416F","address":"San Jose, 50","postal_code":null,"homes":6,"area":417,"year":1995}},{"type":"Feature","geometry":{"type":"Point","coordinates":[-6.292789,36.528701]},"properties":{"ref":"2562702QA4426B","address":"San Juan de Dios, 10","postal_code":"11005","homes":6,"area":407,"year":1995}},{"type":"Feature","geometry":{"type":"Point","coordinates":[-6.297543,36.532243]},"properties":{"ref":"2166703QA4426E","address":"San Miguel, 12","postal_code":"11001","homes":6,"area":565,"year":1888}},{"type":"Feature","geometry":{"type":"Point","coordinates":[-6.29725,36.534345]},"properties":{"ref":"2068504QA4426G","address":"San Pedro, 7","postal_code":null,"homes":6,"area":690,"year":1995}},{"type":"Feature","geometry":{"type":"Point","coordinates":[-6.289882,36.526431]},"properties":{"ref":"2759203QA4425H","address":"San Roque, 7","postal_code":"11006","homes":6,"area":2221,"year":1960}},{"type":"Feature","geometry":{"type":"Point","coordinates":[-6.295092,36.530619]},"properties":{"ref":"2364703QA4426C","address":"Santiago, 2","postal_code":"11005","homes":6,"area":819,"year":1995}},{"type":"Feature","geometry":{"type":"Point","coordinates":[-6.291627,36.529101]},"properties":{"ref":"2662902QA4426B","address":"Sopranis, 11","postal_code":null,"homes":6,"area":1064,"year":1995}},{"type":"Feature","geometry":{"type":"Point","coordinates":[-6.290778,36.528779]},"properties":{"ref":"2762701QA4426B","address":"Sor Esperanza Lopez, 1","postal_code":"11006","homes":6,"area":249,"year":1995}},{"type":"Feature","geometry":{"type":"Point","coordinates":[-6.292051,36.528307]},"properties":{"ref":"2561201QA4426B","address":"Suarez de Salazar, 11","postal_code":"11006","homes":6,"area":445,"year":1995}},{"type":"Feature","geometry":{"type":"Point","coordinates":[-6.29176,36.528271]},"properties":{"ref":"2661112QA4426B","address":"Teniente Andujar, 8","postal_code":"11006","homes":6,"area":477,"year":1941}},{"type":"Feature","geometry":{"type":"Point","coordinates":[-6.297453,36.5309]},"properties":{"ref":"2063312QA4426C","address":"Topete, 1","postal_code":"11001","homes":6,"area":1513,"year":1979}},{"type":"Feature","geometry":{"type":"Point","coordinates":[-6.303349,36.530856]},"properties":{"ref":"1564906QA4416D","address":"Trinidad, 9","postal_code":"11002","homes":6,"area":332,"year":2011}},{"type":"Feature","geometry":{"type":"Point","coordinates":[-6.296472,36.532984]},"properties":{"ref":"2167713QA4426E","address":"Valverde, 13","postal_code":"11004","homes":6,"area":1189,"year":1888}},{"type":"Feature","geometry":{"type":"Point","coordinates":[-6.296352,36.533033]},"properties":{"ref":"2266802QA4426E","address":"Valverde, 16","postal_code":"11004","homes":6,"area":1008,"year":1888}},{"type":"Feature","geometry":{"type":"Point","coordinates":[-6.299889,36.534319]},"properties":{"ref":"1867205QA4416F","address":"Zaragoza, 4","postal_code":"11003","homes":6,"area":216,"year":1995}},{"type":"Feature","geometry":{"type":"Point","coordinates":[-6.300146,36.534221]},"properties":{"ref":"1868716QA4416H","address":"Zaragoza, 9","postal_code":"11003","homes":6,"area":1239,"year":1888}},{"type":"Feature","geometry":{"type":"Point","coordinates":[-6.296528,36.536118]},"properties":{"ref":"2170604QA4427A","address":"Zorrilla, 7","postal_code":"11004","homes":6,"area":640,"year":1995}},{"type":"Feature","geometry":{"type":"Point","coordinates":[-6.298932,36.529819]},"properties":{"ref":"1962307QA4416D","address":"Abreu, 5","postal_code":"11002","homes":5,"area":435,"year":1995}},{"type":"Feature","geometry":{"type":"Point","coordinates":[-6.299167,36.536089]},"properties":{"ref":"1970708QA4417B","address":"Adolfo de Castro, 12","postal_code":"11003","homes":5,"area":786,"year":1888}},{"type":"Feature","geometry":{"type":"Point","coordinates":[-6.299766,36.536644]},"properties":{"ref":"1870309QA4417B","address":"Adolfo de Castro, 29","postal_code":"11003","homes":5,"area":772,"year":1995}},{"type":"Feature","geometry":{"type":"Point","coordinates":[-6.29821,36.535875]},"properties":{"ref":"1970411QA4417B","address":"Adolfo de Castro, 3","postal_code":"11003","homes":5,"area":445,"year":1888}},{"type":"Feature","geometry":{"type":"Point","coordinates":[-6.300545,36.536922]},"properties":{"ref":"1770308QA4417B","address":"Adolfo de Castro, 34","postal_code":"11003","homes":5,"area":695,"year":1995}},{"type":"Feature","geometry":{"type":"Point","coordinates":[-6.300533,36.536995]},"properties":{"ref":"1871713QA4417B","address":"Adolfo de Castro, 41","postal_code":"11003","homes":5,"area":731,"year":1930}},{"type":"Feature","geometry":{"type":"Point","coordinates":[-6.295446,36.535832]},"properties":{"ref":"2269111QA4426G","address":"Ahumada, 12","postal_code":"11004","homes":5,"area":1091,"year":1995}},{"type":"Feature","geometry":{"type":"Point","coordinates":[-6.295615,36.535552]},"properties":{"ref":"2269115QA4426G","address":"Ahumada, 4","postal_code":"11004","homes":5,"area":464,"year":1995}},{"type":"Feature","geometry":{"type":"Point","coordinates":[-6.289002,36.527478]},"properties":{"ref":"2860202QA4426B","address":"Almirante Pes, 2","postal_code":"11006","homes":5,"area":374,"year":1995}},{"type":"Feature","geometry":{"type":"Point","coordinates":[-6.279523,36.510022]},"properties":{"ref":"3741203QA4434B","address":"Ana de Viya, 36","postal_code":"11009","homes":5,"area":4337,"year":1958}},{"type":"Feature","geometry":{"type":"Point","coordinates":[-6.297865,36.533948]},"properties":{"ref":"2068618QA4426G","address":"Ancha, 14","postal_code":"11001","homes":5,"area":709,"year":1888}},{"type":"Feature","geometry":{"type":"Point","coordinates":[-6.297204,36.533027]},"properties":{"ref":"2066309QA4426E","address":"Ancha, 33","postal_code":"11001","homes":5,"area":840,"year":1888}},{"type":"Feature","geometry":{"type":"Point","coordinates":[-6.294269,36.534787]},"properties":{"ref":"2368208QA4426G","address":"Antonio Lopez, 13","postal_code":"11004","homes":5,"area":423,"year":1995}},{"type":"Feature","geometry":{"type":"Point","coordinates":[-6.294557,36.534782]},"properties":{"ref":"2368205QA4426G","address":"Antonio Lopez, 7","postal_code":"11004","homes":5,"area":691,"year":1995}},{"type":"Feature","geometry":{"type":"Point","coordinates":[-6.2915,36.530061]},"properties":{"ref":"2663103QA4426D","address":"Antulo, 2","postal_code":"11006","homes":5,"area":1179,"year":1888}},{"type":"Feature","geometry":{"type":"Point","coordinates":[-6.297243,36.529872]},"properties":{"ref":"2163906QA4426C","address":"Arboli, 20","postal_code":"11005","homes":5,"area":657,"year":1888}},{"type":"Feature","geometry":{"type":"Point","coordinates":[-6.297566,36.52964]},"properties":{"ref":"2063334QA4426C","address":"Arboli, 27","postal_code":"11005","homes":5,"area":373,"year":1995}},{"type":"Feature","geometry":{"type":"Point","coordinates":[-6.296671,36.530318]},"properties":{"ref":"2163912QA4426C","address":"Arboli, 6","postal_code":"11005","homes":5,"area":942,"year":1995}},{"type":"Feature","geometry":{"type":"Point","coordinates":[-6.2942,36.533078]},"properties":{"ref":"2367507QA4426G","address":"Argantonio, 10","postal_code":"11004","homes":5,"area":1632,"year":1995}},{"type":"Feature","geometry":{"type":"Point","coordinates":[-6.301845,36.529545]},"properties":{"ref":"1762116QA4416B","address":"Art. Petroleo y Salvaora, 2","postal_code":"11002","homes":5,"area":559,"year":1995}},{"type":"Feature","geometry":{"type":"Point","coordinates":[-6.297249,36.53183]},"properties":{"ref":"2165703QA4426E","address":"Barrie, 28","postal_code":"11001","homes":5,"area":474,"year":1960}},{"type":"Feature","geometry":{"type":"Point","coordinates":[-6.295381,36.530422]},"properties":{"ref":"2264509QA4426C","address":"Barrocal, 6","postal_code":"11005","homes":5,"area":680,"year":1995}},{"type":"Feature","geometry":{"type":"Point","coordinates":[-6.294892,36.534113]},"properties":{"ref":"2368709QA4426G","address":"Beato Diego de Cadiz, 10","postal_code":"11004","homes":5,"area":1195,"year":1995}},{"type":"Feature","geometry":{"type":"Point","coordinates":[-6.29432,36.534185]},"properties":{"ref":"2368706QA4426G","address":"Beato Diego de Cadiz, 16","postal_code":"11004","homes":5,"area":649,"year":1995}},{"type":"Feature","geometry":{"type":"Point","coordinates":[-6.300522,36.535877]},"properties":{"ref":"1869101QA4416H","address":"Bendicion de Dios, 1","postal_code":"11003","homes":5,"area":948,"year":1995}},{"type":"Feature","geometry":{"type":"Point","coordinates":[-6.299922,36.536721]},"properties":{"ref":"1871708QA4417B","address":"Bendicion de Dios, 16","postal_code":"11003","homes":5,"area":714,"year":1995}},{"type":"Feature","geometry":{"type":"Point","coordinates":[-6.299787,36.536781]},"properties":{"ref":"1870301QA4417B","address":"Bendicion de Dios, 17","postal_code":"11003","homes":5,"area":456,"year":1995}},{"type":"Feature","geometry":{"type":"Point","coordinates":[-6.299284,36.53332]},"properties":{"ref":"1967623QA4416F","address":"Benjumeda, 19","postal_code":null,"homes":5,"area":123,"year":1888}},{"type":"Feature","geometry":{"type":"Point","coordinates":[-6.299795,36.53345]},"properties":{"ref":"1867602QA4416F","address":"Benjumeda, 22","postal_code":null,"homes":5,"area":708,"year":1970}},{"type":"Feature","geometry":{"type":"Point","coordinates":[-6.290525,36.527831]},"properties":{"ref":"2761706QA4426B","address":"Botica, 13","postal_code":"11002","homes":5,"area":667,"year":1995}},{"type":"Feature","geometry":{"type":"Point","coordinates":[-6.290613,36.527586]},"properties":{"ref":"2660307QA4426B","address":"Botica, 17","postal_code":"11002","homes":5,"area":683,"year":1995}},{"type":"Feature","geometry":{"type":"Point","coordinates":[-6.297857,36.53583]},"properties":{"ref":"2069108QA4426G","address":"Buenos Aires, 16","postal_code":"11003","homes":5,"area":856,"year":1995}},{"type":"Feature","geometry":{"type":"Point","coordinates":[-6.297306,36.536181]},"properties":{"ref":"2170702QA4427A","address":"Buenos Aires, 23","postal_code":"11003","homes":5,"area":1541,"year":1920}},{"type":"Feature","geometry":{"type":"Point","coordinates":[-6.298017,36.536393]},"properties":{"ref":"2070909QA4427A","address":"Calderon de la Barca, 19","postal_code":"11003","homes":5,"area":963,"year":1995}},{"type":"Feature","geometry":{"type":"Point","coordinates":[-6.292159,36.528993]},"properties":{"ref":"2562605QA4426B","address":"Canastas de las, 6","postal_code":"11006","homes":5,"area":902,"year":1995}},{"type":"Feature","geometry":{"type":"Point","coordinates":[-6.295047,36.531585]},"properties":{"ref":"2365619QA4426E","address":"Candelaria, 2","postal_code":"11005","homes":5,"area":974,"year":1995}},{"type":"Feature","geometry":{"type":"Point","coordinates":[-6.297783,36.53432]},"properties":{"ref":"2068607QA4426G","address":"Canovas del Castillo, 13","postal_code":"11001","homes":5,"area":655,"year":1995}},{"type":"Feature","geometry":{"type":"Point","coordinates":[-6.297586,36.534279]},"properties":{"ref":"2068511QA4426G","address":"Canovas del Castillo, 14","postal_code":"11001","homes":5,"area":276,"year":1995}},{"type":"Feature","geometry":{"type":"Point","coordinates":[-6.297336,36.534076]},"properties":{"ref":"2068508QA4426G","address":"Canovas del Castillo, 20","postal_code":"11001","homes":5,"area":1291,"year":1995}},{"type":"Feature","geometry":{"type":"Point","coordinates":[-6.297062,36.533767]},"properties":{"ref":"2167705QA4426E","address":"Canovas del Castillo, 27","postal_code":"11001","homes":5,"area":830,"year":1995}},{"type":"Feature","geometry":{"type":"Point","coordinates":[-6.296453,36.533416]},"properties":{"ref":"2167210QA4426E","address":"Canovas del Castillo, 36","postal_code":"11001","homes":5,"area":1052,"year":1995}},{"type":"Feature","geometry":{"type":"Point","coordinates":[-6.297938,36.534532]},"properties":{"ref":"2068515QA4426G","address":"Canovas del Castillo, 6","postal_code":"11001","homes":5,"area":511,"year":1995}},{"type":"Feature","geometry":{"type":"Point","coordinates":[-6.29806,36.534623]},"properties":{"ref":"2068516QA4426G","address":"Canovas del Castillo, 6","postal_code":"11001","homes":5,"area":586,"year":1995}},{"type":"Feature","geometry":{"type":"Point","coordinates":[-6.299903,36.530148]},"properties":{"ref":"1863217QA4416D","address":"Cardoso, 15","postal_code":"11002","homes":5,"area":382,"year":1995}},{"type":"Feature","geometry":{"type":"Point","coordinates":[-6.299632,36.530051]},"properties":{"ref":"1862307QA4416D","address":"Cardoso, 16","postal_code":"11002","homes":5,"area":595,"year":1995}},{"type":"Feature","geometry":{"type":"Point","coordinates":[-6.300498,36.530102]},"properties":{"ref":"1863222QA4416D","address":"Cardoso, 25","postal_code":"11002","homes":5,"area":512,"year":1995}},{"type":"Feature","geometry":{"type":"Point","coordinates":[-6.299,36.530145]},"properties":{"ref":"1963209QA4416D","address":"Cardoso, 3","postal_code":"11002","homes":5,"area":388,"year":1995}},{"type":"Feature","geometry":{"type":"Point","coordinates":[-6.29921,36.530199]},"properties":{"ref":"1963211QA4416D","address":"Cardoso, 7","postal_code":"11002","homes":5,"area":669,"year":1995}},{"type":"Feature","geometry":{"type":"Point","coordinates":[-6.294928,36.52969]},"properties":{"ref":"2363817QA4426C","address":"Catedral de la, 7","postal_code":"11005","homes":5,"area":389,"year":1995}},{"type":"Feature","geometry":{"type":"Point","coordinates":[-6.301482,36.534704]},"properties":{"ref":"1768804QA4416H","address":"Ceballos, 12","postal_code":"11003","homes":5,"area":587,"year":1995}},{"type":"Feature","geometry":{"type":"Point","coordinates":[-6.29897,36.533624]},"properties":{"ref":"1967608QA4416F","address":"Cervantes, 18","postal_code":null,"homes":5,"area":778,"year":1995}},{"type":"Feature","geometry":{"type":"Point","coordinates":[-6.29377,36.531606]},"properties":{"ref":"2365305QA4426E","address":"Churruca, 2","postal_code":"11005","homes":5,"area":1202,"year":1995}},{"type":"Feature","geometry":{"type":"Point","coordinates":[-6.293573,36.531556]},"properties":{"ref":"2465603QA4426E","address":"Churruca, 5","postal_code":"11005","homes":5,"area":675,"year":1995}},{"type":"Feature","geometry":{"type":"Point","coordinates":[-6.284023,36.519646]},"properties":{"ref":"3352215QA4435A","address":"Ciudad de Santander, 1","postal_code":"11007","homes":5,"area":316,"year":1950}},{"type":"Feature","geometry":{"type":"Point","coordinates":[-6.297928,36.536531]},"properties":{"ref":"2070902QA4427A","address":"Clara Campoamor, 13","postal_code":"11003","homes":5,"area":262,"year":1995}},{"type":"Feature","geometry":{"type":"Point","coordinates":[-6.294566,36.52997]},"properties":{"ref":"2363813QA4426C","address":"Cobos, 17","postal_code":"11005","homes":5,"area":1441,"year":1888}},{"type":"Feature","geometry":{"type":"Point","coordinates":[-6.294626,36.529667]},"properties":{"ref":"2363815QA4426C","address":"Cobos, 21","postal_code":"11005","homes":5,"area":894,"year":1940}},{"type":"Feature","geometry":{"type":"Point","coordinates":[-6.294416,36.530526]},"properties":{"ref":"2364609QA4426C","address":"Cobos, 7","postal_code":"11005","homes":5,"area":454,"year":1995}},{"type":"Feature","geometry":{"type":"Point","coordinates":[-6.29443,36.530482]},"properties":{"ref":"2364610QA4426C","address":"Cobos, 9","postal_code":"11005","homes":5,"area":86,"year":1888}},{"type":"Feature","geometry":{"type":"Point","coordinates":[-6.296749,36.531542]},"properties":{"ref":"2165708QA4426E","address":"Columela, 10","postal_code":"11001","homes":5,"area":434,"year":1888}},{"type":"Feature","geometry":{"type":"Point","coordinates":[-6.296604,36.53168]},"properties":{"ref":"2165707QA4426E","address":"Columela, 14","postal_code":null,"homes":5,"area":570,"year":1995}},{"type":"Feature","geometry":{"type":"Point","coordinates":[-6.293365,36.536244]},"properties":{"ref":"2470601QA4427A","address":"Conde O'Reilly, 3","postal_code":"11004","homes":5,"area":1116,"year":1995}},{"type":"Feature","geometry":{"type":"Point","coordinates":[-6.293302,36.536342]},"properties":{"ref":"2470206QA4427A","address":"Conde O'Reilly, 8","postal_code":"11004","homes":5,"area":519,"year":1995}},{"type":"Feature","geometry":{"type":"Point","coordinates":[-6.292991,36.536296]},"properties":{"ref":"2470604QA4427A","address":"Conde O'Reilly, 9","postal_code":"11004","homes":5,"area":773,"year":1995}},{"type":"Feature","geometry":{"type":"Point","coordinates":[-6.288058,36.525101]},"properties":{"ref":"2957202QA4425F","address":"Constitucion la, 4","postal_code":"11006","homes":5,"area":1248,"year":1960}},{"type":"Feature","geometry":{"type":"Point","coordinates":[-6.302516,36.529814]},"properties":{"ref":"1663603QA4416D","address":"Cristo de la Misericordia, 6","postal_code":"11002","homes":5,"area":815,"year":1995}},{"type":"Feature","geometry":{"type":"Point","coordinates":[-6.293502,36.530779]},"properties":{"ref":"2464808QA4426C","address":"Cristobal Colon, 11","postal_code":"11005","homes":5,"area":786,"year":1995}},{"type":"Feature","geometry":{"type":"Point","coordinates":[-6.293614,36.530779]},"properties":{"ref":"2464809QA4426C","address":"Cristobal Colon, 13","postal_code":"11005","homes":5,"area":259,"year":1888}},{"type":"Feature","geometry":{"type":"Point","coordinates":[-6.293373,36.530841]},"properties":{"ref":"2464807QA4426C","address":"Cristobal Colon, 9","postal_code":"11005","homes":5,"area":566,"year":1995}},{"type":"Feature","geometry":{"type":"Point","coordinates":[-6.299344,36.530334]},"properties":{"ref":"1963202QA4416D","address":"Cruz, 4","postal_code":"11002","homes":5,"area":372,"year":1995}},{"type":"Feature","geometry":{"type":"Point","coordinates":[-6.299469,36.529945]},"properties":{"ref":"1862310QA4416D","address":"Cruz, 5","postal_code":"11002","homes":5,"area":633,"year":1995}},{"type":"Feature","geometry":{"type":"Point","coordinates":[-6.299379,36.530253]},"properties":{"ref":"1963201QA4416D","address":"Cruz, 6","postal_code":"11002","homes":5,"area":492,"year":1995}},{"type":"Feature","geometry":{"type":"Point","coordinates":[-6.293811,36.533848]},"properties":{"ref":"2367404QA4426G","address":"Cuatro de Diciembre 1977, 13","postal_code":"11006","homes":5,"area":910,"year":1888}},{"type":"Feature","geometry":{"type":"Point","coordinates":[-6.29302,36.53134]},"properties":{"ref":"2464302QA4426C","address":"Cuatro de Diciembre 1977, 30","postal_code":"11006","homes":5,"area":333,"year":1888}},{"type":"Feature","geometry":{"type":"Point","coordinates":[-6.29299,36.531312]},"properties":{"ref":"2464303QA4426C","address":"Cuatro de Diciembre 1977, 31","postal_code":"11006","homes":5,"area":410,"year":1888}},{"type":"Feature","geometry":{"type":"Point","coordinates":[-6.29786,36.532417]},"properties":{"ref":"2066601QA4426E","address":"Cuna Vieja, 2","postal_code":"11001","homes":5,"area":575,"year":1995}},{"type":"Feature","geometry":{"type":"Point","coordinates":[-6.298084,36.529627]},"properties":{"ref":"1962314QA4416D","address":"Desamparados, 1","postal_code":"11005","homes":5,"area":928,"year":1995}},{"type":"Feature","geometry":{"type":"Point","coordinates":[-6.297978,36.529646]},"properties":{"ref":"2063339QA4426C","address":"Desamparados, 4","postal_code":"11005","homes":5,"area":623,"year":1995}},{"type":"Feature","geometry":{"type":"Point","coordinates":[-6.297881,36.529491]},"properties":{"ref":"1962316QA4416D","address":"Desamparados, 5","postal_code":"11005","homes":5,"area":1011,"year":1995}},{"type":"Feature","geometry":{"type":"Point","coordinates":[-6.302918,36.532213]},"properties":{"ref":"1565913QA4416F","address":"Diego Arias, 5","postal_code":"11002","homes":5,"area":677,"year":1995}},{"type":"Feature","geometry":{"type":"Point","coordinates":[-6.304125,36.532865]},"properties":{"ref":"1467509QA4416G","address":"Doctor Marañon, 4","postal_code":"11002","homes":5,"area":1889,"year":1970}},{"type":"Feature","geometry":{"type":"Point","coordinates":[-6.299457,36.535667]},"properties":{"ref":"1869405QA4416H","address":"Enrique de las Marinas, 10","postal_code":"11007","homes":5,"area":740,"year":1888}},{"type":"Feature","geometry":{"type":"Point","coordinates":[-6.298147,36.535163]},"properties":{"ref":"2068102QA4426G","address":"Enrique de las Marinas, 4","postal_code":"11007","homes":5,"area":808,"year":1995}},{"type":"Feature","geometry":{"type":"Point","coordinates":[-6.298724,36.535463]},"properties":{"ref":"1969316QA4416H","address":"Enrique de las Marinas, 9","postal_code":"11007","homes":5,"area":1264,"year":1995}},{"type":"Feature","geometry":{"type":"Point","coordinates":[-6.301859,36.53394]},"properties":{"ref":"1667506QA4416H","address":"Falla de, 2","postal_code":"11003","homes":5,"area":805,"year":1995}},{"type":"Feature","geometry":{"type":"Point","coordinates":[-6.301994,36.533723]},"properties":{"ref":"1667505QA4416H","address":"Falla de, 3","postal_code":"11003","homes":5,"area":805,"year":1995}},{"type":"Feature","geometry":{"type":"Point","coordinates":[-6.3021,36.533554]},"properties":{"ref":"1667503QA4416H","address":"Falla de, 5","postal_code":"11003","homes":5,"area":644,"year":1995}},{"type":"Feature","geometry":{"type":"Point","coordinates":[-6.302205,36.533335]},"properties":{"ref":"1667501QA4416H","address":"Falla de, 7","postal_code":"11003","homes":5,"area":665,"year":1995}},{"type":"Feature","geometry":{"type":"Point","coordinates":[-6.295567,36.5363]},"properties":{"ref":"2269107QA4426G","address":"Fermin Salvoechea, 1","postal_code":"11004","homes":5,"area":707,"year":1995}},{"type":"Feature","geometry":{"type":"Point","coordinates":[-6.294473,36.535707]},"properties":{"ref":"2369809QA4426G","address":"Fermin Salvoechea, 3","postal_code":"11004","homes":5,"area":1525,"year":1960}},{"type":"Feature","geometry":{"type":"Point","coordinates":[-6.294043,36.535679]},"properties":{"ref":"2369408QA4426G","address":"Fermin Salvoechea, 7","postal_code":"11004","homes":5,"area":506,"year":1995}},{"type":"Feature","geometry":{"type":"Point","coordinates":[-6.293319,36.53023]},"properties":{"ref":"2463901QA4426C","address":"Flamenco, 1","postal_code":"11005","homes":5,"area":602,"year":1995}},{"type":"Feature","geometry":{"type":"Point","coordinates":[-6.280994,36.518371]},"properties":{"ref":"3550813QA4435B","address":"Francisco Garcia de Sola, 20","postal_code":"11008","homes":5,"area":710,"year":1957}},{"type":"Feature","geometry":{"type":"Point","coordinates":[-6.28083,36.518237]},"properties":{"ref":"3550814QA4435B","address":"Francisco Garcia de Sola, 22","postal_code":"11008","homes":5,"area":710,"year":1957}},{"type":"Feature","geometry":{"type":"Point","coordinates":[-6.280683,36.518083]},"properties":{"ref":"3550815QA4435B","address":"Francisco Garcia de Sola, 24","postal_code":"11008","homes":5,"area":710,"year":1957}},{"type":"Feature","geometry":{"type":"Point","coordinates":[-6.280526,36.517956]},"properties":{"ref":"3550816QA4435B","address":"Francisco Garcia de Sola, 26","postal_code":"11008","homes":5,"area":726,"year":1957}},{"type":"Feature","geometry":{"type":"Point","coordinates":[-6.28033,36.517786]},"properties":{"ref":"3550817QA4435B","address":"Francisco Garcia de Sola, 28","postal_code":"11008","homes":5,"area":660,"year":1957}},{"type":"Feature","geometry":{"type":"Point","coordinates":[-6.297624,36.532603]},"properties":{"ref":"2066603QA4426E","address":"Gaspar del Pino, 5","postal_code":"11001","homes":5,"area":370,"year":1995}},{"type":"Feature","geometry":{"type":"Point","coordinates":[-6.296493,36.53567]},"properties":{"ref":"2170611QA4427A","address":"General Menacho, 2","postal_code":"11004","homes":5,"area":874,"year":1995}},{"type":"Feature","geometry":{"type":"Point","coordinates":[-6.298807,36.530429]},"properties":{"ref":"1963301QA4416D","address":"Gentil, 4","postal_code":"11002","homes":5,"area":334,"year":1995}},{"type":"Feature","geometry":{"type":"Point","coordinates":[-6.285381,36.524169]},"properties":{"ref":"3257210QA4435E","address":"Hibiscos, 2","postal_code":"11007","homes":5,"area":1507,"year":1950}},{"type":"Feature","geometry":{"type":"Point","coordinates":[-6.293125,36.536836]},"properties":{"ref":"2470201QA4427A","address":"Honduras, 4","postal_code":"11004","homes":5,"area":1109,"year":1995}},{"type":"Feature","geometry":{"type":"Point","coordinates":[-6.299983,36.531813]},"properties":{"ref":"1865413QA4416F","address":"Hospital de Mujeres, 21","postal_code":"11001","homes":5,"area":759,"year":1995}},{"type":"Feature","geometry":{"type":"Point","coordinates":[-6.299721,36.531633]},"properties":{"ref":"1864920QA4416D","address":"Hospital de Mujeres, 28","postal_code":"11001","homes":5,"area":556,"year":1995}},{"type":"Feature","geometry":{"type":"Point","coordinates":[-6.299788,36.531664]},"properties":{"ref":"1864919QA4416D","address":"Hospital de Mujeres, 30","postal_code":"11001","homes":5,"area":667,"year":1995}},{"type":"Feature","geometry":{"type":"Point","coordinates":[-6.301048,36.532142]},"properties":{"ref":"1765206QA4416F","address":"Hospital de Mujeres, 33","postal_code":"11001","homes":5,"area":392,"year":2017}},{"type":"Feature","geometry":{"type":"Point","coordinates":[-6.294554,36.53643]},"properties":{"ref":"2370904QA4427A","address":"Isabel la Catolica, 27","postal_code":"11004","homes":5,"area":610,"year":1995}},{"type":"Feature","geometry":{"type":"Point","coordinates":[-6.295406,36.535043]},"properties":{"ref":"2168304QA4426G","address":"Isabel la Catolica, 4","postal_code":"11004","homes":5,"area":452,"year":1888}},{"type":"Feature","geometry":{"type":"Point","coordinates":[-6.295986,36.532455]},"properties":{"ref":"2166505QA4426E","address":"Jose del Toro, 13","postal_code":null,"homes":5,"area":1128,"year":1995}},{"type":"Feature","geometry":{"type":"Point","coordinates":[-6.29779,36.53044]},"properties":{"ref":"2063307QA4426C","address":"Libertad de la, 17","postal_code":"11005","homes":5,"area":453,"year":1995}},{"type":"Feature","geometry":{"type":"Point","coordinates":[-6.29754,36.530408]},"properties":{"ref":"2063309QA4426C","address":"Libertad de la, 19","postal_code":"11005","homes":5,"area":622,"year":1995}},{"type":"Feature","geometry":{"type":"Point","coordinates":[-6.296256,36.529659]},"properties":{"ref":"2262104QA4426A","address":"Magistral Cabrera, 3","postal_code":"11005","homes":5,"area":433,"year":1995}},{"type":"Feature","geometry":{"type":"Point","coordinates":[-6.294701,36.535049]},"properties":{"ref":"2369815QA4426G","address":"Manuel Rances, 10","postal_code":"11004","homes":5,"area":456,"year":1995}},{"type":"Feature","geometry":{"type":"Point","coordinates":[-6.29458,36.535151]},"properties":{"ref":"2369401QA4426G","address":"Manuel Rances, 15","postal_code":"11004","homes":5,"area":468,"year":1995}},{"type":"Feature","geometry":{"type":"Point","coordinates":[-6.299601,36.530438]},"properties":{"ref":"1864934QA4416D","address":"Maria Arteaga, 1","postal_code":"11002","homes":5,"area":907,"year":1995}},{"type":"Feature","geometry":{"type":"Point","coordinates":[-6.299748,36.530393]},"properties":{"ref":"1864935QA4416D","address":"Maria Arteaga, 3","postal_code":"11002","homes":5,"area":671,"year":1995}},{"type":"Feature","geometry":{"type":"Point","coordinates":[-6.290622,36.528092]},"properties":{"ref":"2761808QA4426B","address":"Mariana Cornejo, 3","postal_code":"11006","homes":5,"area":489,"year":1995}},{"type":"Feature","geometry":{"type":"Point","coordinates":[-6.293674,36.531424]},"properties":{"ref":"2465610QA4426E","address":"Mendizabal de, 6","postal_code":"11005","homes":5,"area":157,"year":1995}},{"type":"Feature","geometry":{"type":"Point","coordinates":[-6.291475,36.528811]},"properties":{"ref":"2662914QA4426B","address":"Merced, 10","postal_code":"11006","homes":5,"area":702,"year":1995}},{"type":"Feature","geometry":{"type":"Point","coordinates":[-6.291319,36.528738]},"properties":{"ref":"2662913QA4426B","address":"Merced, 12","postal_code":"11006","homes":5,"area":352,"year":2002}},{"type":"Feature","geometry":{"type":"Point","coordinates":[-6.290448,36.528394]},"properties":{"ref":"2762706QA4426B","address":"Merced, 28","postal_code":"11006","homes":5,"area":363,"year":1995}},{"type":"Feature","geometry":{"type":"Point","coordinates":[-6.293444,36.528691]},"properties":{"ref":"2461204QA4426A","address":"Meson Nuevo del, 19","postal_code":"11005","homes":5,"area":645,"year":1995}},{"type":"Feature","geometry":{"type":"Point","coordinates":[-6.293345,36.528664]},"properties":{"ref":"2461205QA4426A","address":"Meson Nuevo del, 21","postal_code":"11005","homes":5,"area":343,"year":1888}},{"type":"Feature","geometry":{"type":"Point","coordinates":[-6.276176,36.507831]},"properties":{"ref":"4039905QA4443G","address":"Murillo, 12","postal_code":"11010","homes":5,"area":217,"year":1934}},{"type":"Feature","geometry":{"type":"Point","coordinates":[-6.294358,36.530876]},"properties":{"ref":"2364211QA4426C","address":"Nicaragua, 10","postal_code":"11005","homes":5,"area":557,"year":1995}},{"type":"Feature","geometry":{"type":"Point","coordinates":[-6.294598,36.530813]},"properties":{"ref":"2364603QA4426C","address":"Nicaragua, 3","postal_code":"11005","homes":5,"area":952,"year":1995}},{"type":"Feature","geometry":{"type":"Point","coordinates":[-6.294707,36.530914]},"properties":{"ref":"2364214QA4426C","address":"Nicaragua, 4","postal_code":"11005","homes":5,"area":962,"year":1888}},{"type":"Feature","geometry":{"type":"Point","coordinates":[-6.296731,36.532452]},"properties":{"ref":"2166509QA4426E","address":"Novena, 2","postal_code":"11001","homes":5,"area":1663,"year":1984}},{"type":"Feature","geometry":{"type":"Point","coordinates":[-6.294225,36.528955]},"properties":{"ref":"2362402QA4426C","address":"Obispo Jose Maria Rances, 3","postal_code":"11005","homes":5,"area":464,"year":1995}},{"type":"Feature","geometry":{"type":"Point","coordinates":[-6.294248,36.528875]},"properties":{"ref":"2362403QA4426C","address":"Obispo Jose Maria Rances, 5","postal_code":"11005","homes":5,"area":431,"year":1888}},{"type":"Feature","geometry":{"type":"Point","coordinates":[-6.296509,36.529645]},"properties":{"ref":"2262102QA4426A","address":"Obispo Urquinaona, 10","postal_code":"11005","homes":5,"area":482,"year":1995}},{"type":"Feature","geometry":{"type":"Point","coordinates":[-6.296651,36.529472]},"properties":{"ref":"2163925QA4426C","address":"Obispo Urquinaona, 33","postal_code":"11005","homes":5,"area":501,"year":1995}},{"type":"Feature","geometry":{"type":"Point","coordinates":[-6.29595,36.530473]},"properties":{"ref":"2263202QA4426C","address":"Obispo Urquinaona, 4","postal_code":"11005","homes":5,"area":401,"year":1995}},{"type":"Feature","geometry":{"type":"Point","coordinates":[-6.296045,36.530447]},"properties":{"ref":"2164411QA4426C","address":"Obispo Urquinaona, 5","postal_code":"11005","homes":5,"area":927,"year":1995}},{"type":"Feature","geometry":{"type":"Point","coordinates":[-6.300283,36.529626]},"properties":{"ref":"1862330QA4416D","address":"Pasquin, 10","postal_code":"11002","homes":5,"area":1277,"year":1995}},{"type":"Feature","geometry":{"type":"Point","coordinates":[-6.300317,36.529995]},"properties":{"ref":"1862334QA4416D","address":"Pasquin, 2","postal_code":"11002","homes":5,"area":280,"year":1995}},{"type":"Feature","geometry":{"type":"Point","coordinates":[-6.300283,36.52885]},"properties":{"ref":"1862708QA4416B","address":"Pasquin, 31","postal_code":"11002","homes":5,"area":953,"year":1995}},{"type":"Feature","geometry":{"type":"Point","coordinates":[-6.302102,36.530939]},"properties":{"ref":"1664504QA4416D","address":"Pastora, 4","postal_code":"11002","homes":5,"area":354,"year":1995}},{"type":"Feature","geometry":{"type":"Point","coordinates":[-6.302104,36.530879]},"properties":{"ref":"1664503QA4416D","address":"Pastora, 6","postal_code":"11002","homes":5,"area":316,"year":1995}},{"type":"Feature","geometry":{"type":"Point","coordinates":[-6.293538,36.529732]},"properties":{"ref":"2463602QA4426C","address":"Pelota, 16","postal_code":"11005","homes":5,"area":555,"year":1888}},{"type":"Feature","geometry":{"type":"Point","coordinates":[-6.294215,36.52961]},"properties":{"ref":"2362303QA4426C","address":"Pelota, 3","postal_code":"11005","homes":5,"area":291,"year":1888}},{"type":"Feature","geometry":{"type":"Point","coordinates":[-6.304447,36.528855]},"properties":{"ref":"1461203QA4416A","address":"Pericon Cadiz, 16","postal_code":"11002","homes":5,"area":900,"year":1995}},{"type":"Feature","geometry":{"type":"Point","coordinates":[-6.294765,36.529062]},"properties":{"ref":"2362802QA4426A","address":"Piratas, 1","postal_code":"11005","homes":5,"area":534,"year":1995}},{"type":"Feature","geometry":{"type":"Point","coordinates":[-6.299687,36.535023]},"properties":{"ref":"1868303QA4416H","address":"Plata, 4","postal_code":"11003","homes":5,"area":519,"year":1995}},{"type":"Feature","geometry":{"type":"Point","coordinates":[-6.299776,36.53494]},"properties":{"ref":"1868302QA4416H","address":"Plata, 6","postal_code":"11003","homes":5,"area":855,"year":1995}},{"type":"Feature","geometry":{"type":"Point","coordinates":[-6.290679,36.529229]},"properties":{"ref":"2662307QA4426D","address":"Plocia, 23","postal_code":null,"homes":5,"area":643,"year":1995}},{"type":"Feature","geometry":{"type":"Point","coordinates":[-6.291576,36.529881]},"properties":{"ref":"2663805QA4426D","address":"Plocia, 4","postal_code":"11005","homes":5,"area":766,"year":1995}},{"type":"Feature","geometry":{"type":"Point","coordinates":[-6.291363,36.529731]},"properties":{"ref":"2663803QA4426D","address":"Plocia, 8","postal_code":"11005","homes":5,"area":1258,"year":1888}},{"type":"Feature","geometry":{"type":"Point","coordinates":[-6.291482,36.529632]},"properties":{"ref":"2662203QA4426B","address":"Plocia, 9","postal_code":"11005","homes":5,"area":382,"year":1995}},{"type":"Feature","geometry":{"type":"Point","coordinates":[-6.293418,36.529502]},"properties":{"ref":"2362311QA4426C","address":"Pomponio Mela, 1","postal_code":"11005","homes":5,"area":622,"year":1888}},{"type":"Feature","geometry":{"type":"Point","coordinates":[-6.291338,36.527234]},"properties":{"ref":"2660902QA4426B","address":"Publico, 10","postal_code":"11006","homes":5,"area":2346,"year":1962}},{"type":"Feature","geometry":{"type":"Point","coordinates":[-6.29808,36.529135]},"properties":{"ref":"1962321QA4416D","address":"Puerto Chico, 4","postal_code":"11005","homes":5,"area":735,"year":1888}},{"type":"Feature","geometry":{"type":"Point","coordinates":[-6.297897,36.529115]},"properties":{"ref":"2062403QA4426C","address":"Puerto Chico, 5","postal_code":"11005","homes":5,"area":698,"year":1995}},{"type":"Feature","geometry":{"type":"Point","coordinates":[-6.295022,36.534526]},"properties":{"ref":"2268505QA4426G","address":"Rafael de la Viesca, 5","postal_code":"11004","homes":5,"area":879,"year":1995}},{"type":"Feature","geometry":{"type":"Point","coordinates":[-6.295081,36.534601]},"properties":{"ref":"2268307QA4426G","address":"Rafael de la Viesca, 6","postal_code":"11004","homes":5,"area":808,"year":1995}},{"type":"Feature","geometry":{"type":"Point","coordinates":[-6.300159,36.528696]},"properties":{"ref":"1861301QA4416B","address":"Regimiento de Infanteria, 11","postal_code":"11002","homes":5,"area":925,"year":1964}},{"type":"Feature","geometry":{"type":"Point","coordinates":[-6.299592,36.528921]},"properties":{"ref":"1862321QA4416D","address":"Regimiento de Infanteria, 20","postal_code":"11002","homes":5,"area":652,"year":1995}},{"type":"Feature","geometry":{"type":"Point","coordinates":[-6.299548,36.528783]},"properties":{"ref":"1861304QA4416B","address":"Regimiento de Infanteria, 5","postal_code":"11002","homes":5,"area":921,"year":1964}},{"type":"Feature","geometry":{"type":"Point","coordinates":[-6.298831,36.528979]},"properties":{"ref":"1962339QA4416D","address":"Regimiento de Infanteria, 6","postal_code":"11002","homes":5,"area":283,"year":2003}},{"type":"Feature","geometry":{"type":"Point","coordinates":[-6.299778,36.528751]},"properties":{"ref":"1861303QA4416B","address":"Regimiento de Infanteria, 7","postal_code":"11002","homes":5,"area":740,"year":1964}},{"type":"Feature","geometry":{"type":"Point","coordinates":[-6.299966,36.528723]},"properties":{"ref":"1861302QA4416B","address":"Regimiento de Infanteria, 9","postal_code":"11002","homes":5,"area":750,"year":1964}},{"type":"Feature","geometry":{"type":"Point","coordinates":[-6.292852,36.536041]},"properties":{"ref":"2470606QA4427A","address":"Republica el Salvador, 2","postal_code":"11004","homes":5,"area":524,"year":1995}},{"type":"Feature","geometry":{"type":"Point","coordinates":[-6.298896,36.530383]},"properties":{"ref":"1963206QA4416D","address":"Robles, 13","postal_code":"11002","homes":5,"area":535,"year":1995}},{"type":"Feature","geometry":{"type":"Point","coordinates":[-6.301601,36.530911]},"properties":{"ref":"1664510QA4416D","address":"Rosa, 16","postal_code":"11002","homes":5,"area":468,"year":1987}},{"type":"Feature","geometry":{"type":"Point","coordinates":[-6.301777,36.531071]},"properties":{"ref":"1764118QA4416D","address":"Rosa, 19","postal_code":"11002","homes":5,"area":244,"year":1995}},{"type":"Feature","geometry":{"type":"Point","coordinates":[-6.298594,36.532392]},"properties":{"ref":"1966504QA4416F","address":"Rosario Cepeda, 16","postal_code":"11001","homes":5,"area":421,"year":1888}},{"type":"Feature","geometry":{"type":"Point","coordinates":[-6.299439,36.531667]},"properties":{"ref":"1965701QA4416F","address":"Rosario Cepeda, 38","postal_code":"11001","homes":5,"area":669,"year":1995}},{"type":"Feature","geometry":{"type":"Point","coordinates":[-6.294955,36.532817]},"properties":{"ref":"2366111QA4426E","address":"Rosario, 14","postal_code":"11004","homes":5,"area":1036,"year":1995}},{"type":"Feature","geometry":{"type":"Point","coordinates":[-6.295533,36.533355]},"properties":{"ref":"2267710QA4426E","address":"Rosario, 21","postal_code":"11004","homes":5,"area":737,"year":1995}},{"type":"Feature","geometry":{"type":"Point","coordinates":[-6.294975,36.53273]},"properties":{"ref":"2266509QA4426E","address":"Rosario, 33","postal_code":"11004","homes":5,"area":296,"year":1995}},{"type":"Feature","geometry":{"type":"Point","coordinates":[-6.294933,36.532685]},"properties":{"ref":"2266510QA4426E","address":"Rosario, 35","postal_code":"11004","homes":5,"area":412,"year":1995}},{"type":"Feature","geometry":{"type":"Point","coordinates":[-6.294796,36.532524]},"properties":{"ref":"2266518QA4426E","address":"Rosario, 39","postal_code":"11004","homes":5,"area":952,"year":1995}},{"type":"Feature","geometry":{"type":"Point","coordinates":[-6.293909,36.531532]},"properties":{"ref":"2365609QA4426E","address":"Rosario, 51","postal_code":null,"homes":5,"area":790,"year":1995}},{"type":"Feature","geometry":{"type":"Point","coordinates":[-6.295944,36.533797]},"properties":{"ref":"2267703QA4426E","address":"Rosario, 7","postal_code":"11004","homes":5,"area":646,"year":1888}},{"type":"Feature","geometry":{"type":"Point","coordinates":[-6.294288,36.53014]},"properties":{"ref":"2363405QA4426C","address":"Ruiz de Bustamante, 10","postal_code":"11005","homes":5,"area":556,"year":1995}},{"type":"Feature","geometry":{"type":"Point","coordinates":[-6.294218,36.530192]},"properties":{"ref":"2363313QA4426C","address":"Ruiz de Bustamante, 7","postal_code":"11005","homes":5,"area":751,"year":1995}},{"type":"Feature","geometry":{"type":"Point","coordinates":[-6.296561,36.531234]},"properties":{"ref":"2264803QA4426C","address":"Sacramento, 10","postal_code":"11001","homes":5,"area":806,"year":1995}},{"type":"Feature","geometry":{"type":"Point","coordinates":[-6.298391,36.53187]},"properties":{"ref":"1965507QA4416F","address":"Sacramento, 20","postal_code":"11001","homes":5,"area":920,"year":1888}},{"type":"Feature","geometry":{"type":"Point","coordinates":[-6.29713,36.531526]},"properties":{"ref":"2165712QA4426E","address":"Sacramento, 21","postal_code":"11001","homes":5,"area":567,"year":1995}},{"type":"Feature","geometry":{"type":"Point","coordinates":[-6.297514,36.531597]},"properties":{"ref":"2065406QA4426E","address":"Sacramento, 23","postal_code":"11001","homes":5,"area":788,"year":1888}},{"type":"Feature","geometry":{"type":"Point","coordinates":[-6.298597,36.531945]},"properties":{"ref":"1965505QA4416F","address":"Sacramento, 24","postal_code":"11001","homes":5,"area":815,"year":1995}},{"type":"Feature","geometry":{"type":"Point","coordinates":[-6.299372,36.532229]},"properties":{"ref":"1865405QA4416F","address":"Sacramento, 32","postal_code":"11001","homes":5,"area":1006,"year":1995}},{"type":"Feature","geometry":{"type":"Point","coordinates":[-6.300916,36.532843]},"properties":{"ref":"1766213QA4416F","address":"Sacramento, 57","postal_code":null,"homes":5,"area":1270,"year":1995}},{"type":"Feature","geometry":{"type":"Point","coordinates":[-6.301208,36.532951]},"properties":{"ref":"1766216QA4416F","address":"Sacramento, 63","postal_code":null,"homes":5,"area":501,"year":1995}},{"type":"Feature","geometry":{"type":"Point","coordinates":[-6.297597,36.533583]},"properties":{"ref":"2167701QA4426E","address":"Sagasta, 10","postal_code":"11001","homes":5,"area":536,"year":1888}},{"type":"Feature","geometry":{"type":"Point","coordinates":[-6.298277,36.533124]},"properties":{"ref":"2066102QA4426E","address":"Sagasta, 18","postal_code":"11001","homes":5,"area":741,"year":1995}},{"type":"Feature","geometry":{"type":"Point","coordinates":[-6.299431,36.532418]},"properties":{"ref":"1866408QA4416F","address":"Sagasta, 41","postal_code":"11001","homes":5,"area":975,"year":1995}},{"type":"Feature","geometry":{"type":"Point","coordinates":[-6.300724,36.530982]},"properties":{"ref":"1764913QA4416D","address":"Sagasta, 63","postal_code":null,"homes":5,"area":622,"year":1888}},{"type":"Feature","geometry":{"type":"Point","coordinates":[-6.300672,36.530851]},"properties":{"ref":"1864904QA4416D","address":"Sagasta, 68","postal_code":null,"homes":5,"area":495,"year":1888}},{"type":"Feature","geometry":{"type":"Point","coordinates":[-6.300998,36.530105]},"properties":{"ref":"1763216QA4416D","address":"Sagasta, 83","postal_code":null,"homes":5,"area":322,"year":1888}},{"type":"Feature","geometry":{"type":"Point","coordinates":[-6.293366,36.52902]},"properties":{"ref":"2462906QA4426A","address":"San Antonio Abad, 5","postal_code":"11005","homes":5,"area":1197,"year":1995}},{"type":"Feature","geometry":{"type":"Point","coordinates":[-6.299005,36.535324]},"properties":{"ref":"1969605QA4416H","address":"San Antonio, 1","postal_code":"11003","homes":5,"area":1201,"year":1995}},{"type":"Feature","geometry":{"type":"Point","coordinates":[-6.29912,36.534371]},"properties":{"ref":"1968701QA4416H","address":"San Antonio, 11","postal_code":"11003","homes":5,"area":554,"year":1888}},{"type":"Feature","geometry":{"type":"Point","coordinates":[-6.29917,36.535349]},"properties":{"ref":"1869409QA4416H","address":"San Antonio, 16","postal_code":"11003","homes":5,"area":1514,"year":1995}},{"type":"Feature","geometry":{"type":"Point","coordinates":[-6.298781,36.53517]},"properties":{"ref":"1969603QA4416H","address":"San Antonio, 3","postal_code":"11003","homes":5,"area":986,"year":1995}},{"type":"Feature","geometry":{"type":"Point","coordinates":[-6.298411,36.534898]},"properties":{"ref":"2068109QA4426G","address":"San Antonio, 6","postal_code":"11001","homes":5,"area":895,"year":1995}},{"type":"Feature","geometry":{"type":"Point","coordinates":[-6.298752,36.534436]},"properties":{"ref":"1968602QA4416H","address":"San Antonio, 8","postal_code":"11003","homes":5,"area":326,"year":1888}},{"type":"Feature","geometry":{"type":"Point","coordinates":[-6.29341,36.529925]},"properties":{"ref":"2463919QA4426C","address":"San Fernando, 2","postal_code":"11005","homes":5,"area":605,"year":1995}},{"type":"Feature","geometry":{"type":"Point","coordinates":[-6.294546,36.532851]},"properties":{"ref":"2366106QA4426E","address":"San Francisco, 21","postal_code":"11004","homes":5,"area":1708,"year":1995}},{"type":"Feature","geometry":{"type":"Point","coordinates":[-6.298724,36.534178]},"properties":{"ref":"1968605QA4416H","address":"San Jose, 15","postal_code":"11001","homes":5,"area":447,"year":1920}},{"type":"Feature","geometry":{"type":"Point","coordinates":[-6.298815,36.534101]},"properties":{"ref":"1968705QA4416H","address":"San Jose, 17","postal_code":"11001","homes":5,"area":234,"year":1888}},{"type":"Feature","geometry":{"type":"Point","coordinates":[-6.297816,36.534919]},"properties":{"ref":"2068402QA4426G","address":"San Jose, 4","postal_code":"11004","homes":5,"area":627,"year":1995}},{"type":"Feature","geometry":{"type":"Point","coordinates":[-6.300398,36.532531]},"properties":{"ref":"1866602QA4416F","address":"San Jose, 40","postal_code":null,"homes":5,"area":683,"year":1888}},{"type":"Feature","geometry":{"type":"Point","coordinates":[-6.300135,36.53287]},"properties":{"ref":"1866113QA4416F","address":"San Jose, 47","postal_code":"11003","homes":5,"area":1227,"year":1995}},{"type":"Feature","geometry":{"type":"Point","coordinates":[-6.298033,36.534836]},"properties":{"ref":"2068106QA4426G","address":"San Jose, 5","postal_code":"11004","homes":5,"area":731,"year":1995}},{"type":"Feature","geometry":{"type":"Point","coordinates":[-6.301085,36.531777]},"properties":{"ref":"1765401QA4416F","address":"San Jose, 52","postal_code":null,"homes":5,"area":570,"year":1995}},{"type":"Feature","geometry":{"type":"Point","coordinates":[-6.301209,36.531573]},"properties":{"ref":"1764302QA4416D","address":"San Jose, 56","postal_code":null,"homes":5,"area":341,"year":1888}},{"type":"Feature","geometry":{"type":"Point","coordinates":[-6.297933,36.534805]},"properties":{"ref":"2068401QA4426G","address":"San Jose, 6","postal_code":"11004","homes":5,"area":761,"year":1995}},{"type":"Feature","geometry":{"type":"Point","coordinates":[-6.301572,36.530985]},"properties":{"ref":"1764901QA4416D","address":"San Jose, 74","postal_code":null,"homes":5,"area":379,"year":1995}},{"type":"Feature","geometry":{"type":"Point","coordinates":[-6.297367,36.529348]},"properties":{"ref":"2062407QA4426C","address":"San Juan, 13","postal_code":"11005","homes":5,"area":636,"year":1995}},{"type":"Feature","geometry":{"type":"Point","coordinates":[-6.296694,36.5294]},"properties":{"ref":"2162406QA4426C","address":"San Juan, 27","postal_code":"11005","homes":5,"area":1048,"year":1995}},{"type":"Feature","geometry":{"type":"Point","coordinates":[-6.296282,36.529383]},"properties":{"ref":"2162410QA4426C","address":"San Juan, 37","postal_code":"11005","homes":5,"area":676,"year":1995}},{"type":"Feature","geometry":{"type":"Point","coordinates":[-6.296015,36.52938]},"properties":{"ref":"2262110QA4426A","address":"San Juan, 38","postal_code":"11005","homes":5,"area":563,"year":1995}},{"type":"Feature","geometry":{"type":"Point","coordinates":[-6.295902,36.529315]},"properties":{"ref":"2162413QA4426C","address":"San Juan, 43","postal_code":"11005","homes":5,"area":859,"year":1995}},{"type":"Feature","geometry":{"type":"Point","coordinates":[-6.294018,36.529096]},"properties":{"ref":"2461107QA4426A","address":"San Martin, 1","postal_code":"11005","homes":5,"area":411,"year":1995}},{"type":"Feature","geometry":{"type":"Point","coordinates":[-6.293963,36.529203]},"properties":{"ref":"2462104QA4426A","address":"San Martin, 3","postal_code":"11005","homes":5,"area":1651,"year":1995}},{"type":"Feature","geometry":{"type":"Point","coordinates":[-6.297299,36.53275]},"properties":{"ref":"2066312QA4426E","address":"San Miguel, 5","postal_code":"11001","homes":5,"area":608,"year":1888}},{"type":"Feature","geometry":{"type":"Point","coordinates":[-6.297504,36.532553]},"properties":{"ref":"2066604QA4426E","address":"San Miguel, 7","postal_code":"11001","homes":5,"area":466,"year":1995}},{"type":"Feature","geometry":{"type":"Point","coordinates":[-6.297254,36.534426]},"properties":{"ref":"2068416QA4426G","address":"San Pedro, 12","postal_code":null,"homes":5,"area":565,"year":1995}},{"type":"Feature","geometry":{"type":"Point","coordinates":[-6.296488,36.533993]},"properties":{"ref":"2167205QA4426E","address":"San Pedro, 17","postal_code":null,"homes":5,"area":791,"year":1995}},{"type":"Feature","geometry":{"type":"Point","coordinates":[-6.297075,36.534215]},"properties":{"ref":"2068505QA4426G","address":"San Pedro, 9","postal_code":null,"homes":5,"area":621,"year":1888}},{"type":"Feature","geometry":{"type":"Point","coordinates":[-6.276806,36.516666]},"properties":{"ref":"3950207QA4435B","address":"San Severiano, 45","postal_code":"11007","homes":5,"area":619,"year":1969}},{"type":"Feature","geometry":{"type":"Point","coordinates":[-6.293401,36.531405]},"properties":{"ref":"2465607QA4426E","address":"Sanchez Barcaiztegui, 2","postal_code":"11005","homes":5,"area":712,"year":1995}},{"type":"Feature","geometry":{"type":"Point","coordinates":[-6.295634,36.534422]},"properties":{"ref":"2268501QA4426G","address":"Sant. Cristo Vera Cruz, 3","postal_code":null,"homes":5,"area":693,"year":1995}},{"type":"Feature","geometry":{"type":"Point","coordinates":[-6.285113,36.524127]},"properties":{"ref":"3257209QA4435E","address":"Santa Cruz de Tenerife, 7","postal_code":"11007","homes":5,"area":1086,"year":1950}},{"type":"Feature","geometry":{"type":"Point","coordinates":[-6.288978,36.527564]},"properties":{"ref":"2861601QA4426B","address":"Santa Elena, 1","postal_code":"11006","homes":5,"area":1100,"year":1995}},{"type":"Feature","geometry":{"type":"Point","coordinates":[-6.289723,36.526627]},"properties":{"ref":"2760512QA4426B","address":"Santa Elena, 6","postal_code":"11006","homes":5,"area":612,"year":2011}},{"type":"Feature","geometry":{"type":"Point","coordinates":[-6.299213,36.530748]},"properties":{"ref":"1964702QA4416D","address":"Santa Lucia, 3","postal_code":"11002","homes":5,"area":276,"year":1995}},{"type":"Feature","geometry":{"type":"Point","coordinates":[-6.284398,36.520398]},"properties":{"ref":"3253312QA4435C","address":"Santa Maria de la Cabeza, 5","postal_code":"11007","homes":5,"area":450,"year":1944}},{"type":"Feature","geometry":{"type":"Point","coordinates":[-6.292377,36.528397]},"properties":{"ref":"2561204QA4426B","address":"Santa Maria, 4","postal_code":"11005","homes":5,"area":498,"year":1995}},{"type":"Feature","geometry":{"type":"Point","coordinates":[-6.292019,36.528133]},"properties":{"ref":"2661711QA4426B","address":"Santa Maria, 8","postal_code":null,"homes":5,"area":649,"year":1959}},{"type":"Feature","geometry":{"type":"Point","coordinates":[-6.296119,36.535707]},"properties":{"ref":"2169310QA4426G","address":"Santiago Terry, 4","postal_code":"11004","homes":5,"area":407,"year":1995}},{"type":"Feature","geometry":{"type":"Point","coordinates":[-6.295185,36.530601]},"properties":{"ref":"2264507QA4426C","address":"Santiago, 3","postal_code":"11005","homes":5,"area":381,"year":1995}},{"type":"Feature","geometry":{"type":"Point","coordinates":[-6.295149,36.530528]},"properties":{"ref":"2364702QA4426C","address":"Santiago, 4","postal_code":"11005","homes":5,"area":488,"year":2010}},{"type":"Feature","geometry":{"type":"Point","coordinates":[-6.294564,36.531365]},"properties":{"ref":"2364202QA4426C","address":"Santo Cristo, 3","postal_code":"11005","homes":5,"area":1050,"year":1995}},{"type":"Feature","geometry":{"type":"Point","coordinates":[-6.289862,36.528242]},"properties":{"ref":"2761909QA4426B","address":"Santo Domingo, 11","postal_code":"11006","homes":5,"area":464,"year":1995}},{"type":"Feature","geometry":{"type":"Point","coordinates":[-6.300416,36.528983]},"properties":{"ref":"1862712QA4416B","address":"Sargento Daponte, 2","postal_code":"11002","homes":5,"area":397,"year":1888}},{"type":"Feature","geometry":{"type":"Point","coordinates":[-6.29125,36.52898]},"properties":{"ref":"2662905QA4426B","address":"Sopranis, 17","postal_code":null,"homes":5,"area":1411,"year":1995}},{"type":"Feature","geometry":{"type":"Point","coordinates":[-6.291104,36.528925]},"properties":{"ref":"2662906QA4426B","address":"Sopranis, 21","postal_code":null,"homes":5,"area":1542,"year":1888}},{"type":"Feature","geometry":{"type":"Point","coordinates":[-6.290813,36.528886]},"properties":{"ref":"2662313QA4426D","address":"Sopranis, 24","postal_code":null,"homes":5,"area":1284,"year":1995}},{"type":"Feature","geometry":{"type":"Point","coordinates":[-6.290933,36.528794]},"properties":{"ref":"2662908QA4426B","address":"Sopranis, 25","postal_code":null,"homes":5,"area":379,"year":1995}},{"type":"Feature","geometry":{"type":"Point","coordinates":[-6.29071,36.528787]},"properties":{"ref":"2762702QA4426B","address":"Sopranis, 29","postal_code":null,"homes":5,"area":299,"year":1995}},{"type":"Feature","geometry":{"type":"Point","coordinates":[-6.292219,36.529458]},"properties":{"ref":"2563506QA4426D","address":"Sopranis, 4","postal_code":"11005","homes":5,"area":1864,"year":1888}},{"type":"Feature","geometry":{"type":"Point","coordinates":[-6.292069,36.529407]},"properties":{"ref":"2563505QA4426D","address":"Sopranis, 6","postal_code":"11005","homes":5,"area":1052,"year":1995}},{"type":"Feature","geometry":{"type":"Point","coordinates":[-6.291947,36.528647]},"properties":{"ref":"2562609QA4426B","address":"Suarez de Salazar, 5","postal_code":"11006","homes":5,"area":772,"year":1995}},{"type":"Feature","geometry":{"type":"Point","coordinates":[-6.290058,36.527629]},"properties":{"ref":"2761915QA4426B","address":"Teniente Andujar, 28","postal_code":"11006","homes":5,"area":489,"year":1995}},{"type":"Feature","geometry":{"type":"Point","coordinates":[-6.297284,36.530843]},"properties":{"ref":"2063313QA4426C","address":"Topete, 2","postal_code":"11001","homes":5,"area":1943,"year":1995}},{"type":"Feature","geometry":{"type":"Point","coordinates":[-6.299737,36.533814]},"properties":{"ref":"1867404QA4416H","address":"Torre, 10","postal_code":null,"homes":5,"area":630,"year":1995}},{"type":"Feature","geometry":{"type":"Point","coordinates":[-6.300634,36.533058]},"properties":{"ref":"1766211QA4416F","address":"Torre, 31","postal_code":null,"homes":5,"area":470,"year":1995}},{"type":"Feature","geometry":{"type":"Point","coordinates":[-6.301444,36.53211]},"properties":{"ref":"1765903QA4416F","address":"Torre, 40","postal_code":null,"homes":5,"area":407,"year":1995}},{"type":"Feature","geometry":{"type":"Point","coordinates":[-6.303313,36.530752]},"properties":{"ref":"1564907QA4416D","address":"Trinidad, 11","postal_code":"11002","homes":5,"area":349,"year":2006}},{"type":"Feature","geometry":{"type":"Point","coordinates":[-6.303224,36.530826]},"properties":{"ref":"1564410QA4416D","address":"Trinidad, 14","postal_code":"11002","homes":5,"area":470,"year":1995}},{"type":"Feature","geometry":{"type":"Point","coordinates":[-6.303257,36.530476]},"properties":{"ref":"1563305QA4416D","address":"Trinidad, 20","postal_code":"11002","homes":5,"area":324,"year":1995}},{"type":"Feature","geometry":{"type":"Point","coordinates":[-6.300945,36.536667]},"properties":{"ref":"1770303QA4417B","address":"Ustariz, 5","postal_code":"11003","homes":5,"area":305,"year":1995}},{"type":"Feature","geometry":{"type":"Point","coordinates":[-6.296271,36.533585]},"properties":{"ref":"2267724QA4426E","address":"Valverde, 6","postal_code":"11004","homes":5,"area":540,"year":1888}},{"type":"Feature","geometry":{"type":"Point","coordinates":[-6.299783,36.535332]},"properties":{"ref":"1869412QA4416H","address":"Veedor, 3","postal_code":"11003","homes":5,"area":1222,"year":1995}},{"type":"Feature","geometry":{"type":"Point","coordinates":[-6.299663,36.535205]},"properties":{"ref":"1868206QA4416H","address":"Veedor, 4","postal_code":"11003","homes":5,"area":603,"year":1995}},{"type":"Feature","geometry":{"type":"Point","coordinates":[-6.294979,36.530677]},"properties":{"ref":"2364617QA4426C","address":"Villalobos, 2","postal_code":"11005","homes":5,"area":583,"year":2021}},{"type":"Feature","geometry":{"type":"Point","coordinates":[-6.303606,36.529687]},"properties":{"ref":"1562901QA4416B","address":"Virgen de la Palma, 26","postal_code":"11002","homes":5,"area":571,"year":1995}},{"type":"Feature","geometry":{"type":"Point","coordinates":[-6.301372,36.533699]},"properties":{"ref":"1767705QA4416F","address":"Virgili, 10","postal_code":"11003","homes":5,"area":886,"year":1967}},{"type":"Feature","geometry":{"type":"Point","coordinates":[-6.301497,36.533887]},"properties":{"ref":"1767908QA4416F","address":"Virgili, 7","postal_code":"11003","homes":5,"area":739,"year":1995}},{"type":"Feature","geometry":{"type":"Point","coordinates":[-6.300729,36.534289]},"properties":{"ref":"1768615QA4416H","address":"Viudas, 11","postal_code":"11003","homes":5,"area":599,"year":1995}},{"type":"Feature","geometry":{"type":"Point","coordinates":[-6.30102,36.533808]},"properties":{"ref":"1767904QA4416F","address":"Viudas, 21","postal_code":"11003","homes":5,"area":702,"year":1995}},{"type":"Feature","geometry":{"type":"Point","coordinates":[-6.301221,36.533519]},"properties":{"ref":"1767707QA4416F","address":"Viudas, 25","postal_code":"11003","homes":5,"area":714,"year":1995}},{"type":"Feature","geometry":{"type":"Point","coordinates":[-6.301002,36.533594]},"properties":{"ref":"1767501QA4416H","address":"Viudas, 28","postal_code":"11003","homes":5,"area":511,"year":1995}},{"type":"Feature","geometry":{"type":"Point","coordinates":[-6.301309,36.533215]},"properties":{"ref":"1766203QA4416F","address":"Viudas, 38","postal_code":"11003","homes":5,"area":963,"year":1995}},{"type":"Feature","geometry":{"type":"Point","coordinates":[-6.291537,36.528681]},"properties":{"ref":"2661108QA4426B","address":"Yedra, 1","postal_code":"11006","homes":5,"area":945,"year":1995}}]}